1,15.389,-2.5,1,0.44337,0.33376,0.88208,0.5,0.26398,-9.1071,81.328,-12.616,1.7099,8.7109,0.92511,0.35303,4.7531,12.184,1.1816,0.58153,1.8728,7.6876,7.349,0.0095276,6.5368,6.1971,0.027862,3.4283,3.8866,0
2,14.883,-2.0787,1,0.5017,0.2936,1.0292,0.5,0.2716,-8.3309,76.966,-14.281,1.7127,9.4406,0.92018,0.37688,3.8974,10.149,1.1751,0.85297,2.0844,7.8472,6.7887,0.0094635,6.7346,5.5912,0.023781,3.6324,3.5294,0
3,13.899,-2.6973,1,0.41733,0.30404,0.91169,0.5,0.27153,-8.1369,80.056,-16.814,1.6697,8.642,0.91184,0.33325,4.7837,18.156,1.1452,0.6239,2.0355,7.6907,7.3335,0.015384,6.8882,6.2929,0.034011,3.5789,3.9256,0
4,14.487,-2.5249,1,0.43661,0.32854,0.87006,0.5,0.28264,-8.8248,82.737,-14.249,1.6966,8.3011,0.91033,0.3011,7.9229,21.806,1.2162,0.67614,1.9599,7.6865,7.5039,0.01295,6.3486,6.2405,0.036387,3.6861,4.2366,0
5,15.019,-2.5191,1,0.43304,0.33568,0.86013,0.5,0.26715,-9.2704,73.961,-13.798,1.71,8.8384,0.94452,0.28916,4.435,12.939,1.1765,0.65214,1.9513,7.9267,8.0497,0.012438,6.9646,6.7197,0.032271,3.8043,4.423,0
6,14.611,-2.5205,1,0.44492,0.32777,0.88886,0.5,0.26526,-9.3353,71.206,-13.905,1.7635,8.977,0.92202,0.31999,4.0309,13.816,1.1692,0.68831,1.9058,8.0588,7.7238,0.012743,6.9078,6.3515,0.02329,3.5809,4.0287,0
7,13.858,-2.496,1,0.4091,0.29202,0.9269,0.5,0.28002,-8.6522,80.048,-14.956,1.7311,9.1121,0.92148,0.33614,3.2722,14.669,1.1017,0.69835,1.9919,7.9066,7.3582,0.011317,6.5953,5.9162,0.038451,3.4456,3.7174,0
8,14.069,-2.4237,1,0.43759,0.32689,0.91939,0.5,0.29441,-9.2451,47.045,-16.604,1.7742,9.2714,0.94108,0.29343,4.8163,11.502,1.1891,0.70823,1.9288,8.247,7.599,0.016043,6.4826,5.9802,0.046169,3.4635,3.7671,0
9,11.641,-2.5436,1,0.41048,0.33235,0.92638,0.5,0.2844,-9.2798,81.486,-14.206,1.8393,8.5942,0.90928,0.30188,5.9351,11.347,1.1686,0.82944,1.8905,7.7705,7.2852,0.016435,6.5203,6.1561,0.04383,3.7616,4.0605,0
10,15.723,-2.2453,1,0.45928,0.28427,0.98975,0.5,0.28878,-9.0987,73.458,-14.038,1.7358,8.6224,0.92675,0.34948,5.5607,12.621,1.1262,0.77713,2.2057,7.8505,6.9402,0.010581,6.5953,5.5344,0.027149,3.9969,4.0383,0
11,13.963,-2.3458,1,0.50079,0.30993,0.9241,0.5,0.28623,-8.7182,67.578,-16.642,1.6637,8.8644,0.93749,0.29532,6.1844,10.63,1.3018,0.83577,1.7694,7.8667,7.093,0.01484,6.521,5.8498,0.030874,3.6965,4.0001,0
12,16.142,-2.4518,1,0.41044,0.34121,0.93106,0.5,0.23174,-9.0115,75.168,-13.844,1.8191,8.5508,0.93656,0.31839,4.5877,12.367,1.0878,0.93436,1.9453,8.644,8.222,0.01278,7.8826,7.2682,0.023557,4.304,4.6227,0
13,14.126,-2.5165,1,0.44531,0.3279,0.88551,0.5,0.26255,-9.0471,81.175,-13.537,1.7557,8.9205,0.92369,0.31241,5.1421,11.087,1.1871,0.69144,1.7629,8.1509,7.779,0.013467,7.1649,6.551,0.037275,3.3693,3.8049,0
14,14.882,-2.3576,1,0.37626,0.29691,0.7033,0.5,0.31904,-7.8962,69.878,-18.328,1.789,8.1112,0.92843,0.32059,5.7362,14.815,1.2262,0.36761,1.8255,7.1028,8.4337,0.01287,6.2505,7.2099,0.03373,3.1169,4.4318,0
15,14.768,-2.3715,1,0.43499,0.30692,1.0228,0.5,0.26446,-8.7851,76.692,-13.145,1.7349,8.9838,0.92415,0.32339,5.7541,12.823,1.1456,0.77101,2.225,8.4594,7.1415,0.014967,7.1952,5.7205,0.029585,3.6442,3.5629,0
16,14.304,-2.5829,1,0.41391,0.30172,0.77481,0.5,0.30151,-8.8215,77.241,-16.228,1.7175,9.2405,0.93268,0.28897,7.0319,12.503,1.2409,0.57843,1.7306,8.0474,8.5294,0.012875,6.8195,6.9266,0.04346,3.5645,4.6005,0
17,15.483,-2.434,1,0.41885,0.26919,0.9068,0.5,0.24766,-9.0485,79.881,-16.391,1.6008,9.1081,0.93697,0.32713,4.4077,14.846,1.1751,0.70414,2.0517,8.0567,7.7271,0.012891,7.0667,6.3589,0.03864,3.8569,4.2533,0
18,14.519,-2.557,1,0.45328,0.33421,0.8932,0.5,0.2802,-8.2814,76.586,-13.934,1.6979,9.2052,0.92799,0.3149,4.0755,12.078,1.3223,0.64278,1.7775,7.9234,7.5655,0.011795,6.8724,6.2586,0.033019,3.2476,3.6359,0
19,14.428,-2.4086,1,0.42633,0.33303,0.91962,0.5,0.28311,-8.5022,74.473,-14.423,1.7296,8.7376,0.92327,0.30544,5.5245,16.461,1.1537,0.58998,2.3186,8.1738,7.5745,0.010876,7.3122,6.2882,0.033066,3.9206,4.2633,0
20,12.395,-2.508,1,0.4335,0.31218,0.90638,0.5,0.26744,-9.3221,80.968,-14.284,1.802,9.0632,0.94684,0.31139,3.4931,15.158,1.1574,0.7432,1.7817,7.6286,7.2832,0.01091,6.6444,6.1015,0.035243,3.535,3.9001,0
21,14.756,-2.4509,1,0.43862,0.31963,0.9729,0.5,0.26373,-8.6884,77.304,-13.316,1.7138,8.9283,0.92993,0.3301,5.3338,18.528,1.1911,0.82003,1.7943,8.4173,7.3707,0.014351,7.0091,5.8916,0.02794,3.5443,3.6431,0
22,15.1,-2.4143,1,0.42455,0.32899,0.90728,0.5,0.25779,-8.8814,81.572,-14.084,1.7403,8.6611,0.93145,0.34547,4.9902,13.071,1.2056,0.79341,1.948,7.765,7.4278,0.010748,7.2323,6.6269,0.030374,4.1124,4.5327,0
23,14.826,-2.5086,1,0.36107,0.34878,0.94445,0.5,0.26828,-8.9616,78.352,-14.778,1.7385,8.3013,0.93221,0.31845,5.5716,16.385,1.1528,0.69916,1.9979,8.1441,7.4477,0.016002,7.0427,6.0292,0.036896,3.5952,3.8066,0
24,15.518,-2.4228,1,0.40706,0.31364,0.87897,0.5,0.26833,-9.655,71.558,-16.119,1.6383,8.7927,0.9263,0.3076,5.5254,18.919,1.1575,0.62825,1.9685,8.0493,8.0115,0.018287,7.0298,6.7618,0.04969,3.6231,4.122,0
25,11.704,-2.5207,1,0.42017,0.33105,0.80299,0.5,0.29808,-8.3339,83.943,-16.436,1.6416,8.8539,0.91978,0.31519,6.5472,15.676,1.1999,0.48345,1.8444,7.7939,8.241,0.019277,6.9587,6.9345,0.03565,3.1074,3.8698,0
26,12.624,-2.2344,1,0.4139,0.32691,0.86976,0.5,0.28957,-10.181,77.824,-14.937,1.5751,8.9702,0.93581,0.32162,10.561,10.806,1.1767,0.62189,1.6876,7.4399,7.1122,0.013998,6.4518,6.145,0.045135,3.1549,3.6273,0
27,13.037,-2.4791,1,0.39761,0.30648,1.0878,0.5,0.28356,-7.2087,59.936,-17.647,1.6166,9.168,0.92291,0.27283,4.8582,20.912,1.3198,1.2819,2.1847,8.4393,6.7409,0.020151,7.0968,5.4597,0.030916,4.4209,4.0641,0
28,13.134,-1.9519,1,0.41256,0.28672,1.0081,0.5,0.29838,-8.6296,84.326,-16.377,1.7085,9.105,0.93593,0.40578,5.1103,10.681,1.149,0.84474,1.9942,8.1831,7.0228,0.016651,6.9582,5.7787,0.031123,3.7474,3.7173,0
29,13.808,-2.5082,1,0.40443,0.33017,0.98069,0.5,0.28107,-8.5045,70.153,-15.502,1.7386,8.7187,0.93466,0.32332,5.7925,13.901,1.1965,0.82916,1.957,8.225,7.1152,0.018634,6.8659,5.8336,0.032487,3.6732,3.7455,0
30,14.514,-2.307,1,0.41509,0.31657,0.86169,0.5,0.28972,-8.6311,82.487,-16.336,1.5691,9.1919,0.92605,0.30408,6.0345,18.742,1.2504,0.7376,1.7985,7.7469,7.7381,0.01375,6.6767,6.3647,0.034269,3.7476,4.3491,0
31,14.822,-2.5309,1,0.42619,0.32913,0.88798,0.5,0.26366,-8.8649,80.096,-13.82,1.7283,8.9294,0.92994,0.31256,4.634,12.429,1.1722,0.74088,1.875,7.953,7.7607,0.012179,6.7401,6.3839,0.030783,3.85,4.3357,0
32,15.081,-2.4636,1,0.44329,0.31261,0.92286,0.5,0.26483,-8.8222,79.581,-13.93,1.7594,8.5368,0.91916,0.26984,5.1553,15.07,1.1515,0.72637,1.9306,8.1302,7.6939,0.012068,6.8083,6.3954,0.025819,3.5484,3.845,0
33,11.948,-2.6813,1,0.42988,0.30399,0.99692,0.5,0.2918,-9.7374,62.696,-14.603,1.7079,8.7941,0.92712,0.28905,4.2119,12.913,1.1161,0.90984,1.7421,8.0927,6.9908,0.015985,6.5713,5.6579,0.041124,3.2553,3.2654,0
34,12.259,-2.5656,1,0.44183,0.33012,0.92892,0.5,0.26735,-9.2826,79.239,-13.489,1.7669,9.0781,0.93812,0.30088,5.1284,12.868,1.1201,0.78253,1.7216,8.1676,7.5392,0.014189,7.0938,6.3387,0.039403,3.4266,3.6888,0
35,15.195,-2.3453,1,0.36572,0.35051,1.0903,0.5,0.24633,-8.9174,57.897,-15.091,1.7075,8.8105,0.92308,0.31196,6.7495,9.344,1.1519,0.97454,1.9295,8.6667,6.8143,0.02078,7.7731,5.9467,0.023775,3.3426,3.0658,0
36,15.201,-2.417,1,0.51733,0.26969,0.81995,0.5,0.32735,-8.5706,70.607,-18.257,1.5908,9.7899,0.92831,0.31496,8.8816,11.895,1.2881,0.55682,1.9612,8.0157,8.1464,0.013732,6.3125,6.0998,0.033301,3.4911,4.2577,0
37,14.129,-2.7096,1,0.43107,0.30055,0.87199,0.5,0.25096,-7.9733,79.746,-17.489,1.7336,8.4296,0.93305,0.25912,5.1139,14.84,1.1344,0.65483,2.2062,8.4421,8.4013,0.014481,7.3694,7.3213,0.029113,4.2765,4.9043,0
38,14.468,-2.6331,1,0.30652,0.2008,0.8458,0.5,0.37464,-8.8585,70.414,-16.325,1.8119,7.9034,0.92477,0.31244,5.9357,21.535,1.2108,0.57942,1.813,7.6485,7.7019,0.021865,6.4056,5.9053,0.041959,3.4823,4.1172,0
39,13.491,-2.4817,1,0.43568,0.31952,0.96529,0.5,0.27263,-8.907,81.54,-13.57,1.7987,8.4823,0.92504,0.30887,5.7196,13.223,1.1168,0.82252,2.0562,8.2606,7.4322,0.014115,6.8271,6.0535,0.027558,3.7774,3.9132,0
40,15.144,-2.2908,1,0.38921,0.2759,0.88722,0.5,0.29125,-9.5149,79.19,-16.28,1.8315,8.2833,0.92424,0.31446,5.8218,14.515,1.2076,0.6588,1.9571,7.7453,7.6463,0.018096,6.4787,6.1756,0.029931,3.6258,4.0867,0
41,14.445,-2.5392,1,0.44766,0.34085,0.91213,0.5,0.25988,-9.2682,65.323,-13.276,1.7964,8.8803,0.94121,0.31708,5.6142,12.751,1.1852,0.68997,1.9705,8.423,7.8189,0.01446,7.274,6.5455,0.027515,3.6812,4.0359,0
42,13.891,-2.6295,1,0.40222,0.27548,0.93844,0.5,0.28844,-8.4418,81.969,-15.887,1.6718,8.6372,0.92183,0.30402,5.6738,12.433,1.1873,0.81302,1.6387,7.7333,7.0365,0.017108,6.5065,5.7985,0.031908,3.3327,3.5513,0
43,13.963,-2.4116,1,0.40728,0.31589,0.93683,0.5,0.26366,-9.4831,76.32,-14.2,1.8198,9.0412,0.93234,0.3542,4.839,12.917,1.1274,0.75408,2.249,8.2432,7.5662,0.015415,7.4492,6.5777,0.032543,4.2282,4.5133,0
44,14.81,-2.4294,1,0.41865,0.28338,0.94756,0.5,0.28335,-9.077,79.694,-17.096,1.5936,8.7162,0.92592,0.28869,6.6177,20.374,1.169,0.69675,2.1427,8.2614,7.4596,0.019078,7.1624,6.2904,0.038703,3.7489,3.9564,0
45,14.135,-2.5287,1,0.31386,0.32235,0.98824,0.5,0.32486,-9.0678,64.155,-15.042,1.8524,8.2553,0.91598,0.32401,5.292,10.148,1.1199,0.90584,1.8701,7.895,6.9319,0.022653,6.6153,5.7177,0.028809,3.6213,3.6644,0
46,14.17,-2.5221,1,0.44423,0.32368,0.91176,0.5,0.25825,-9.1911,79.742,-13.536,1.7525,8.7455,0.93493,0.32,5.4799,10.602,1.1793,0.71362,1.9168,7.7093,7.3593,0.010541,6.8142,6.3357,0.021741,3.7353,4.0968,0
47,14.707,-2.5152,1,0.44178,0.32903,0.90929,0.5,0.2642,-8.7157,79.143,-14.355,1.6751,8.6209,0.9256,0.29909,4.4879,14.01,1.1994,0.77178,1.7426,7.8682,7.5571,0.011508,6.7304,6.2299,0.031721,3.5644,3.9199,0
48,14.582,-2.4802,1,0.43136,0.32071,0.89346,0.5,0.26252,-9.3326,80.229,-14.016,1.7307,8.7007,0.92246,0.32201,7.7806,9.6927,1.148,0.72121,2.0694,8.55,8.1628,0.01504,7.4782,6.9142,0.036319,3.8421,4.3003,0
49,14.677,-2.4739,1,0.44354,0.31527,0.90653,0.5,0.25993,-9.5771,77.785,-13.937,1.7235,8.8721,0.92001,0.32405,4.9864,15.888,1.1343,0.72098,1.9118,8.0591,7.7276,0.01166,7.4196,6.6002,0.027867,3.5839,3.9535,0
50,12.707,-2.5951,1,0.3883,0.30656,0.81326,0.5,0.31358,-7.1105,73.247,-16.455,1.7108,8.4428,0.91023,0.3073,5.1324,14.931,1.3212,0.62315,1.6683,7.3657,7.733,0.014404,6.2075,6.4417,0.035967,3.3402,4.1072,0
51,14.444,-2.4925,1,0.44956,0.29632,0.95087,0.5,0.26572,-8.3145,80.07,-16.021,1.6649,8.7073,0.93289,0.30229,4.8114,16.389,1.1984,0.74429,1.8073,7.6791,7.0988,0.011195,6.7481,6.0722,0.033273,3.3668,3.5407,0
52,14.607,-2.0744,1,0.40627,0.33493,0.9807,0.5,0.28207,-9.1015,85.331,-13.119,1.7308,8.7128,0.92622,0.38064,8.8944,18.324,1.1567,0.78736,2.2299,8.0566,7.0683,0.015052,6.5727,5.5548,0.029428,3.8252,3.9005,0
53,14.893,-2.4645,1,0.4318,0.30025,0.91827,0.5,0.25391,-8.9181,82.232,-14.092,1.7636,8.9509,0.94244,0.31799,4.7055,11.95,1.1751,0.74548,1.9929,8.0059,7.6119,0.010702,6.6834,6.2753,0.025167,3.7126,4.043,0
54,14.44,-2.4623,1,0.42771,0.30824,0.9457,0.5,0.27177,-8.6727,82.427,-13.858,1.7702,8.7263,0.93338,0.31196,7.7174,13.77,1.1626,0.77897,1.8167,8.2186,7.3434,0.013911,7.1673,6.1482,0.022971,3.5234,3.7257,0
55,15.049,-2.2651,1,0.47201,0.30965,0.93552,0.5,0.28316,-9.135,70.617,-13.974,1.6764,9.0572,0.92871,0.33665,4.1025,17.42,1.1354,0.76701,1.677,8.3345,7.7612,0.010024,7.2189,6.431,0.024974,3.2167,3.4384,0
56,14.256,-2.5197,1,0.4162,0.31598,0.95701,0.5,0.27125,-8.6858,77.345,-14.786,1.7368,8.5543,0.92353,0.32295,4.4197,12.364,1.1632,0.68907,2.0155,8.2221,7.4075,0.012426,6.9504,6.1209,0.029103,3.602,3.7638,0
57,13.863,-2.3778,1,0.36447,0.31841,0.84211,0.5,0.29199,-8.3779,81.791,-16.364,1.6257,8.6068,0.92406,0.31847,4.7694,17.619,1.2229,0.64892,1.5628,6.8717,7.1592,0.011797,5.7864,5.8598,0.028477,3.2216,3.8256,0
58,14.122,-2.3914,1,0.42198,0.29615,0.90155,0.5,0.25554,-7.9313,82.533,-16.639,1.6272,9.2252,0.9317,0.30801,6.817,13.349,1.1663,0.73283,2.0689,7.454,7.2531,0.011815,6.6248,6.2544,0.030503,3.7724,4.1844,0
59,14.72,-2.3266,1,0.45165,0.32521,0.89396,0.5,0.26875,-8.9161,80.445,-13.959,1.7025,8.9905,0.93803,0.28348,5.7538,12.154,1.2195,0.6775,2.0366,8.2418,7.9286,0.010664,6.9342,6.7228,0.025377,3.5048,3.9205,0
60,14.913,-2.4716,1,0.44296,0.32338,0.91221,0.5,0.25809,-9.0252,78.62,-13.862,1.7363,8.851,0.92734,0.31909,3.9279,12.749,1.1394,0.69941,2.0043,7.8714,7.6226,0.010508,7.1244,6.5407,0.027429,4.0125,4.3987,0
61,13.522,-2.4614,1,0.44337,0.32227,0.99098,0.5,0.25933,-9.4809,85.892,-11.716,1.7725,8.9362,0.93817,0.35186,4.3734,11.592,1.1349,0.65218,2.4374,8.411,7.351,0.012981,7.2427,5.9861,0.030561,3.9054,3.9409,0
62,13.835,-2.564,1,0.40565,0.33652,0.97283,0.5,0.27027,-8.9826,78.998,-12.878,1.7998,8.0913,0.94114,0.34436,4.0224,10.345,1.1382,0.71227,2.2844,7.9537,7.1102,0.014507,6.8163,5.8578,0.031628,3.8039,3.9101,0
63,14.338,-2.5562,1,0.39585,0.27889,0.84067,0.5,0.30783,-8.67,72.411,-16.359,1.6622,9.2073,0.90682,0.2966,6.2482,17.4,1.2737,0.58416,1.84,7.0757,7.2898,0.014729,6.077,6.0672,0.03107,3.4603,4.1162,0
64,15.77,-2.2955,1,0.44136,0.29945,1.006,0.5,0.27192,-9.3287,77.565,-12.42,1.8663,8.7221,0.92634,0.35966,4.1705,11.587,1.0778,0.9176,2.1274,8.3444,7.2934,0.010901,7.2123,6.0312,0.025956,4.0557,4.0315,0
65,14.785,-2.5049,1,0.44604,0.32913,0.87151,0.5,0.26817,-9.0982,74.31,-14.273,1.7016,8.9648,0.91462,0.34724,4.3158,13.72,1.1479,0.75867,1.7458,8.0343,7.9834,0.011613,7.3506,6.953,0.031239,3.7548,4.3084,0
66,14.696,-2.4763,1,0.38749,0.30936,0.84289,0.5,0.29097,-8.6828,84.419,-15.4,1.5485,9.4446,0.91622,0.28857,9.5609,23.636,1.2004,0.69174,1.8906,7.8784,8.058,0.014853,6.5914,6.6868,0.03814,3.9417,4.6764,0
67,14.527,-2.4272,1,0.44925,0.32119,0.91365,0.5,0.27408,-8.7373,68.887,-14.564,1.7634,8.8113,0.94291,0.3035,5.4482,11.987,1.1895,0.66127,1.9446,7.9976,7.5609,0.012633,6.6192,6.1708,0.030665,3.4891,3.8189,0
68,14.631,-2.4046,1,0.41762,0.34821,0.99181,0.5,0.28163,-10.55,80.318,-10.189,1.7585,8.6872,0.91608,0.3277,4.621,9.2479,1.077,0.84286,2.1125,8.306,7.253,0.012775,6.9217,5.9099,0.032212,3.8686,3.9005,0
69,14.668,-2.1297,1,0.43233,0.29092,0.9728,0.5,0.29248,-9.0593,81.944,-14.06,1.6087,9.2467,0.93307,0.34337,5.8897,18.065,1.1651,0.87311,2.173,8.1417,7.1884,0.012507,6.9419,5.7861,0.031397,3.9991,4.1109,0
70,14.709,-2.7305,1,0.4905,0.23947,1.1027,0.5,0.26102,-9.4205,72.158,-10.6,1.9064,8.8155,0.91411,0.31975,2.3977,9.8725,1.0931,1.3414,2.1175,8.7133,6.9541,0.012945,7.4918,5.502,0.036524,4.1885,3.7984,0
71,12.795,-2.4235,1,0.42883,0.30368,0.97899,0.5,0.27804,-8.7039,76.091,-15.275,1.6973,9.2238,0.93137,0.30474,5.636,15.123,1.2012,0.94008,2.1913,7.874,7.0831,0.015567,6.8546,5.8103,0.036211,4.1571,4.2463,0
72,14.261,-2.4502,1,0.40205,0.35355,1.0314,0.5,0.25663,-8.3798,69.646,-13.307,1.7648,8.6701,0.95397,0.31301,5.4225,11.468,1.134,0.91125,1.9963,8.6836,7.094,0.018125,7.4661,6.025,0.024556,3.5949,3.4854,0
73,14.424,-2.5379,1,0.41563,0.2711,0.89457,0.5,0.30511,-8.9408,78.583,-17.818,1.701,8.4645,0.92552,0.31686,4.6034,16.292,1.2102,0.61641,2.0768,8.0162,7.6055,0.018726,6.8073,6.0094,0.038618,3.671,4.1037,0
74,14.637,-2.4671,1,0.41546,0.32123,0.90702,0.5,0.27394,-8.8575,77.499,-13.809,1.8098,9.0513,0.93156,0.3411,5.2427,13.692,1.1612,0.67732,1.9257,7.9229,7.4327,0.01295,7.101,6.4154,0.031951,3.5069,3.8664,0
75,13.99,-2.5369,1,0.32724,0.39316,1.0025,0.5,0.25391,-8.7992,79.148,-12.985,1.7185,9.0565,0.94725,0.31055,4.1681,11.717,1.0885,0.89693,1.8382,8.1717,7.0272,0.017029,7.2156,6.2111,0.026309,3.6276,3.6186,0
76,14.065,-2.2402,1,0.46468,0.35835,1.0288,0.5,0.27621,-9.2204,46.398,-14.029,1.8548,9.4771,0.93587,0.30616,6.2029,11.653,1.1541,0.99725,2.1458,9.1965,7.5856,0.019128,7.5597,6.222,0.028931,3.9776,3.8662,0
77,14.779,-2.4751,1,0.43337,0.32031,0.91227,0.5,0.27342,-9.4011,72.617,-14.018,1.743,8.8159,0.91635,0.32776,5.9978,13.06,1.1477,0.6743,2.028,7.9751,7.5423,0.012467,7.0415,6.4835,0.033561,3.49,3.8257,0
78,15.11,-2.7164,1,0.39751,0.26379,0.98191,0.5,0.31956,-7.7354,67.347,-14.619,1.8337,8.7874,0.93424,0.31594,3.9534,10.14,1.2104,0.98584,1.8057,7.9008,6.9461,0.013283,6.475,5.3378,0.028233,3.7652,3.8346,0
79,14.039,-2.305,1,0.43565,0.31867,0.97377,0.5,0.26383,-9.3057,77.641,-14.906,1.6719,9.05,0.9259,0.36606,4.8248,11.842,1.0855,0.84219,2.1137,8.3515,7.3641,0.015522,7.1528,6.1202,0.03155,3.8344,3.9376,0
80,14.455,-2.4359,1,0.41942,0.2861,0.86971,0.5,0.30297,-9.1513,69.794,-16.681,1.7991,7.9918,0.92236,0.29737,7.4352,15.428,1.1492,0.67648,1.951,7.8428,7.6543,0.013612,6.6073,6.3081,0.042867,3.7211,4.2786,0
81,15.441,-2.4791,1,0.42892,0.33638,0.96549,0.5,0.26957,-8.6745,67.246,-13.483,1.813,9.0493,0.93001,0.34301,3.6772,12.588,1.1413,0.83447,1.9907,8.6262,7.8157,0.013013,7.6123,6.5367,0.030515,3.7693,3.9041,0
82,14.719,-2.3909,1,0.40896,0.26504,0.86121,0.5,0.30271,-9.117,80.512,-15.834,1.8402,8.0694,0.92924,0.31307,6.121,16.656,1.2314,0.6534,1.9061,7.6617,7.5257,0.013979,6.5035,6.0518,0.04254,3.7239,4.3241,0
83,14.738,-2.4831,1,0.437,0.32977,0.90445,0.5,0.26571,-8.5571,78.67,-13.455,1.7978,8.9824,0.93284,0.31214,5.677,12.624,1.1872,0.73692,1.908,8.165,7.6363,0.012347,6.9188,6.4025,0.020823,3.5301,3.9031,0
84,14.602,-2.4753,1,0.45399,0.32302,0.90624,0.5,0.27116,-8.7846,76.568,-14.394,1.7312,8.7259,0.91087,0.30111,4.9935,15.376,1.1874,0.67137,2.056,8.2394,7.7569,0.011301,7.0703,6.461,0.031084,3.8431,4.2407,0
85,14.54,-2.3959,1,0.44192,0.29547,0.99381,0.5,0.28279,-8.8755,76.135,-12.845,1.8248,8.7354,0.94256,0.34641,4.2286,14.762,1.1048,0.93593,2.0522,8.3421,7.2782,0.012076,7.1444,5.9391,0.034917,4.1289,4.1546,0
86,12.813,-2.4341,1,0.44313,0.34454,0.93625,0.5,0.26541,-9.0892,76.606,-17.365,1.6257,8.3873,0.92559,0.33661,4.1121,16.696,1.2348,0.70933,2.0257,7.3086,6.9364,0.014722,6.7113,6.1645,0.038537,3.6605,3.9097,0
87,6.8269,-2.6459,1,0.43622,0.32467,0.78878,0.5,0.28779,-10.158,93.729,-16.498,1.5801,9.1537,0.90807,0.26794,11.883,19,1.2105,0.58262,1.7477,7.8157,8.3445,0.040819,6.6912,6.9286,0.090156,3.5191,4.4615,0
88,14.314,-2.5141,1,0.38176,0.335,1.0365,0.5,0.27715,-8.214,68.961,-12.68,1.7107,8.9706,0.94419,0.33384,7.1362,12.01,1.1758,0.99328,2.0997,8.8215,7.1906,0.018925,7.8731,6.2272,0.02659,3.9215,3.7834,0
89,15.269,-2.4717,1,0.45019,0.30786,0.94351,0.5,0.27244,-9.0449,70.918,-14.33,1.6853,8.6304,0.93895,0.32799,3.3406,11.362,1.1552,0.74504,1.8575,8.1689,7.5449,0.010211,6.8643,5.9772,0.030977,3.4355,3.6412,0
90,14.91,-2.4872,1,0.3755,0.29577,0.87728,0.5,0.28743,-8.5792,87.136,-16.456,1.5806,8.7133,0.91329,0.33854,4.3222,15.626,1.1897,0.6506,2.0168,7.7294,7.683,0.012426,6.6405,6.4538,0.032289,3.6508,4.1615,0
91,13.394,-2.3709,1,0.41833,0.37029,1.1228,0.5,0.27978,-8.5133,56.165,-10.763,1.7702,9.6308,0.93599,0.33729,5.3423,7.3865,1.1073,1.0277,2.1654,8.6827,6.5372,0.019339,7.7114,5.5666,0.025871,3.7599,3.3487,0
92,14.121,-2.6859,1,0.43023,0.32965,0.99574,0.5,0.27291,-8.3448,58.322,-13.748,1.7481,9.0902,0.93161,0.29631,5.3059,9.9043,1.1764,0.6532,2.4803,8.4745,7.0832,0.015031,7.2404,5.9389,0.026606,3.878,3.8946,0
93,15.004,-2.1898,1,0.42969,0.27729,0.98086,0.5,0.2924,-9.2338,70.38,-14.42,1.8518,8.6909,0.92832,0.36578,4.2599,11.541,1.0999,0.7567,2.152,8.1561,7.2284,0.013261,6.845,5.8174,0.024144,3.6842,3.7561,0
94,14.015,-2.4969,1,0.44339,0.32793,0.88259,0.5,0.26095,-9.1007,81.685,-13.856,1.7431,8.943,0.92302,0.30351,6.8317,12.394,1.1715,0.67682,1.9855,7.947,7.6798,0.010962,6.8884,6.5228,0.030548,3.7933,4.2979,0
95,14.624,-2.2956,1,0.41312,0.28777,0.83652,0.5,0.33782,-9.3264,69.012,-17.017,1.7426,8.139,0.93074,0.31191,7.6702,18.73,1.2137,0.52956,1.8496,7.71,7.6986,0.015774,6.3052,6.3032,0.040002,3.3128,3.9602,0
96,14.337,-2.5631,1,0.40865,0.25012,0.85178,0.5,0.31774,-8.5424,73.126,-17.378,1.7456,8.2494,0.9377,0.29323,5.7727,17.465,1.1875,0.63189,1.9933,7.6657,7.7193,0.014874,6.4261,6.2695,0.03264,3.6754,4.315,0
97,14.325,-2.4912,1,0.4575,0.23105,0.94547,0.5,0.29609,-8.2822,77.848,-15.695,1.7801,9.4509,0.93311,0.27945,5.9835,16.241,1.2324,0.70819,2.015,8.1354,7.4539,0.013856,6.9591,6.118,0.038206,3.5107,3.7131,0
98,14.533,-2.6011,1,0.43621,0.32201,0.89265,0.5,0.25905,-8.9064,80.6,-14.522,1.7272,8.3773,0.90846,0.32356,3.3683,15.975,1.209,0.74219,1.9793,7.7431,7.6282,0.010988,6.8231,6.4206,0.030633,3.676,4.1181,0
99,14.255,-2.3383,1,0.42355,0.3396,0.97368,0.5,0.3071,-8.9534,56.228,-13.649,1.8422,8.803,0.91953,0.32623,4.723,11.006,1.1725,0.89625,1.8522,8.1302,7.3597,0.013437,6.8274,6.0158,0.030019,3.5454,3.6412,0
100,14.566,-2.6908,1,0.31698,0.29723,0.99322,0.5,0.28004,-9.0382,76.318,-15.719,1.7493,8.6742,0.90704,0.29327,5.9175,13.621,1.1648,0.92835,1.7907,8.342,7.1837,0.021063,7.1895,5.94,0.035151,3.4965,3.5203,0
101,14.131,-2.3571,1,0.40477,0.32089,0.94582,0.5,0.27627,-8.6671,78.585,-15.361,1.6936,8.9661,0.93019,0.3329,7.5596,16.306,1.1669,0.83769,1.7903,8.083,7.333,0.014622,6.96,6.1233,0.038767,3.6095,3.8163,0
102,14.653,-2.8172,1,0.36001,0.21818,0.82559,0.5,0.28308,-9.291,82.676,-16.422,1.6131,9.5996,0.92934,0.25762,5.6175,21.58,1.1776,0.65304,1.8747,7.6552,8.1099,0.017952,6.8043,6.9619,0.035192,3.9657,4.8034,0
103,14.859,-2.472,1,0.42667,0.31938,0.92606,0.5,0.26175,-8.7419,79.058,-14.407,1.7713,8.7786,0.9275,0.3141,6.1912,12.863,1.1297,0.69177,2.1338,7.8954,7.4656,0.013507,6.5695,6.144,0.025003,3.7971,4.1003,0
104,14.26,-2.1656,1,0.41591,0.34179,1.0648,0.5,0.23852,-9.0382,68.985,-14.526,1.6688,9.7795,0.94218,0.33046,5.8425,10.567,1.1228,1.0629,1.9262,8.633,6.9127,0.016299,7.4092,5.8205,0.026407,3.6638,3.4409,0
105,11.536,-2.4216,1,0.44738,0.39936,1.1121,0.5,0.31508,-10.969,25.883,-11.99,1.9634,7.9689,0.9349,0.3042,4.8185,11.832,1.1266,1.1872,2.2782,8.5286,6.5319,0.021139,7.2955,5.4024,0.086411,4.2654,3.8355,0
106,13.997,-2.5726,1,0.43944,0.32364,0.95369,0.5,0.28949,-9.3485,64.261,-14.267,1.7032,9.0631,0.92701,0.32249,5.7357,8.7816,1.1669,0.72088,2.2388,8.2455,7.205,0.014212,7.051,5.9063,0.026266,4.0514,4.2482,0
107,14.921,-2.496,1,0.42372,0.32648,0.93967,0.5,0.25665,-8.7642,80.912,-14.31,1.7067,8.3775,0.92831,0.33312,4.273,15.027,1.1581,0.70079,2.0179,7.9343,7.3226,0.010788,6.966,6.0882,0.029669,3.5288,3.7553,0
108,14.118,-2.4614,1,0.35508,0.33389,0.98761,0.5,0.28643,-8.7306,81.115,-14.059,1.8283,8.4167,0.93867,0.30041,5.7099,14.251,1.1924,0.90381,1.7088,7.8109,7.0037,0.014993,6.7968,5.7354,0.031523,3.52,3.5641,0
109,14.87,-2.5892,1,0.37572,0.31955,0.81814,0.5,0.27666,-8.9742,79.715,-16.889,1.5981,8.2795,0.92975,0.29485,6.7677,18.659,1.2529,0.64595,1.6447,7.1682,7.6559,0.014117,6.0958,6.3683,0.039828,3.4223,4.183,0
110,14.565,-2.3482,1,0.41452,0.32313,0.90101,0.5,0.28267,-8.5933,78.333,-14.326,1.8013,8.6833,0.92809,0.35342,6.5369,13.354,1.1712,0.65265,2.2595,8.3937,7.632,0.01434,6.9219,6.3222,0.026273,4.1554,4.6119,0
111,14.571,-2.3477,1,0.44515,0.33045,0.89656,0.5,0.26376,-9.4433,81.282,-13.436,1.7187,8.8627,0.92606,0.3453,7.7096,11.573,1.1405,0.64773,2.109,8.0299,7.6557,0.011456,7.063,6.5925,0.025255,4.1142,4.5889,0
112,15.069,-2.1452,1,0.43204,0.32027,0.92207,0.5,0.29305,-8.1889,75.435,-16.455,1.6239,8.9697,0.92796,0.34248,9.0161,11.971,1.1936,0.72684,2.0122,7.9059,7.4418,0.013107,6.7077,6.2146,0.027338,3.5369,3.8358,0
113,14.792,-2.3315,1,0.40952,0.29895,0.87987,0.5,0.29627,-9.0881,77.816,-17.7,1.6805,8.6378,0.92447,0.33073,5.9413,13.453,1.2057,0.70092,1.7309,7.9144,7.7677,0.016795,6.6411,6.3633,0.028575,3.4092,3.8747,0
114,14.954,-2.2834,1,0.36672,0.37117,0.96377,0.5,0.27609,-9.2617,71.316,-14.15,1.6816,8.725,0.93836,0.31904,5.9539,12.107,1.1529,0.77804,1.8715,8.4082,7.3436,0.015997,7.5438,6.2335,0.033184,3.5452,3.6784,0
115,13.671,-2.4972,1,0.41506,0.31774,0.87747,0.5,0.28424,-8.9001,79.846,-16.121,1.6652,8.2166,0.92209,0.29243,6.7787,17.261,1.2804,0.68734,1.9721,7.6668,7.3982,0.014359,6.4232,6.2624,0.048352,3.6665,4.1785,0
116,13.686,-2.4667,1,0.44667,0.30095,0.92695,0.5,0.26644,-9.4414,79.661,-14.787,1.7533,8.7289,0.93405,0.32685,3.6911,12.712,1.1943,0.66271,2.2629,8.4269,7.8896,0.016791,7.117,6.2436,0.033113,4.1734,4.5023,0
117,14.656,-2.3534,1,0.30587,0.33824,0.84085,0.5,0.30638,-9.0978,79.364,-14.464,1.7811,8.4309,0.92411,0.33016,6.9958,15.198,1.1609,0.53365,1.9478,7.7493,7.4477,0.015833,6.9325,6.4244,0.026142,3.489,4.1493,0
118,13.752,-2.3704,1,0.42566,0.34711,1.051,0.5,0.26242,-11.179,78.044,-7.1925,1.9048,8.8404,0.94465,0.33196,5.6979,10.143,1.0791,1.1515,1.9794,8.3957,6.7626,0.019704,7.339,5.6478,0.033232,4.1289,3.9286,0
119,14.953,-2.4603,1,0.44809,0.32271,0.91782,0.5,0.26434,-8.9768,80.032,-13.328,1.7349,8.8841,0.9291,0.29036,6.7307,15.668,1.2196,0.72674,1.967,8.1825,7.5679,0.012569,6.9548,6.3231,0.030482,3.637,3.9627,0
120,12.739,-2.5184,1,0.42156,0.3108,0.96542,0.5,0.26108,-8.8873,83.46,-15.446,1.6923,8.6714,0.92488,0.29104,5.5955,12.823,1.2612,0.8137,1.8116,8.278,7.4254,0.016769,6.7134,5.9684,0.034453,3.3275,3.4467,0
121,14.807,-2.3808,1,0.42694,0.30452,0.92566,0.5,0.27033,-9.0977,79.767,-14.985,1.7403,8.3309,0.90723,0.325,7.4442,16.663,1.1695,0.64956,1.8667,7.61,7.1588,0.012644,6.6252,5.9314,0.038404,3.24,3.5002,0
122,13.897,-2.4803,1,0.43886,0.3209,0.88881,0.5,0.26409,-9.46,78.661,-14.184,1.6986,8.8287,0.95999,0.30917,4.5558,13.003,1.1823,0.69289,2.0191,8.0841,7.7689,0.011934,7.0228,6.5888,0.041252,3.8956,4.383,0
123,14.735,-2.5054,1,0.31456,0.2957,0.97629,0.5,0.28616,-9.1113,80.026,-14.255,1.7648,8.0962,0.92822,0.2676,8.8117,20.8,1.1669,0.85665,1.9515,8.0337,6.9947,0.019101,6.6068,5.7936,0.03634,3.6995,3.7893,0
124,13.803,-2.6278,1,0.32269,0.29399,0.99513,0.5,0.32054,-8.2257,69.565,-17.005,1.791,7.8254,0.90901,0.30391,6.9825,16.892,1.1796,0.87402,2.1593,8.0202,6.7889,0.02407,6.7363,5.5907,0.036576,3.823,3.8417,0
125,14.495,-2.5255,1,0.44637,0.33591,0.9062,0.5,0.27322,-8.9054,68.945,-13.898,1.8427,8.5149,0.92776,0.29555,4.772,14.651,1.2176,0.76176,1.8898,8.261,7.7348,0.012886,6.7757,6.265,0.034436,3.8903,4.2929,0
126,13.793,-2.2904,1,0.4373,0.30271,1.0338,0.5,0.30636,-9.154,69.348,-12.801,1.976,7.4435,0.92439,0.34967,4.851,10.598,1.173,0.95652,1.9541,8.0224,6.6764,0.014482,7.0336,5.5064,0.031191,3.7773,3.6538,0
127,14.066,-2.5095,1,0.40102,0.3345,0.9364,0.5,0.28241,-9.0996,78.525,-13.23,1.69,8.8229,0.92218,0.33233,7.076,12.905,1.1587,0.80844,2.0996,8.6007,7.6689,0.014524,6.9573,6.1957,0.033804,4.2131,4.4992,0
128,14.079,-2.5438,1,0.31561,0.33488,1.0445,0.5,0.30956,-9.002,68.866,-13.975,1.7021,8.6956,0.94671,0.3066,6.6745,19.648,1.1011,1.0404,2.1324,8.158,6.8047,0.024141,7.1159,5.6499,0.035062,4.1572,3.9801,0
129,15.125,-2.6493,1,0.46655,0.25505,0.9276,0.5,0.25036,-9.0473,67.304,-17.071,1.5863,8.7519,0.9168,0.28033,6.6994,15.136,1.2379,0.88184,1.6532,7.8697,7.3156,0.012606,6.8601,6.0008,0.043816,3.6073,3.8889,0
130,11.971,-2.5313,1,0.47509,0.27539,1.0047,0.5,0.30111,-11.003,64.509,-11.363,1.987,7.0935,0.92828,0.29313,6.8624,10.546,1.1625,0.9776,1.9822,7.9685,6.8885,0.020159,6.4361,5.5019,0.052589,3.8148,3.7969,0
131,13.275,-2.4924,1,0.45368,0.27495,0.75698,0.5,0.27542,-10.152,85.777,-17.132,1.7248,8.7092,0.92539,0.26819,7.2394,17.985,1.242,0.45068,1.7773,7.5647,8.3424,0.014872,6.2352,6.8383,0.065878,3.2697,4.3194,0
132,16.107,-2.3774,1,0.43283,0.32248,1.0472,0.5,0.27917,-9.4168,75.45,-9.8074,1.917,8.4806,0.93863,0.34901,4.7851,12.299,1.1147,1.2346,1.7318,8.3988,6.9636,0.012019,7.175,5.671,0.029166,3.8765,3.7018,0
133,14.902,-2.442,1,0.43344,0.31756,0.86663,0.5,0.26283,-9.0824,80.599,-14.536,1.7896,8.6332,0.92521,0.30984,6.1389,14.776,1.1903,0.6836,1.8654,7.8643,7.6437,0.012343,6.847,6.6157,0.030673,3.5562,4.1034,0
134,14.647,-2.5374,1,0.46346,0.30662,0.87925,0.5,0.26645,-8.9957,75.064,-15.804,1.6885,8.4683,0.93312,0.30935,5.5412,14.713,1.213,0.59403,2.3846,8.0954,7.86,0.011511,6.9759,6.7599,0.039793,3.9946,4.5432,0
135,14.739,-2.4453,1,0.41112,0.33618,0.8748,0.5,0.277,-8.9143,78.531,-14.542,1.7162,9.0757,0.92735,0.30625,5.0245,15.25,1.2006,0.50417,2.0459,7.6266,7.3436,0.011468,6.3013,5.9914,0.029412,3.2559,3.7218,0
136,13.417,-2.6298,1,0.44905,0.25461,1.0075,0.5,0.28885,-6.7347,89.206,-15.661,1.6158,8.9596,0.9151,0.2944,5.9337,16.695,1.3422,0.99522,1.7684,8.033,6.8551,0.013869,6.9453,5.7787,0.033805,3.491,3.4651,0
137,14.911,-2.4719,1,0.43938,0.30894,0.908,0.5,0.26826,-9.0604,80.493,-13.257,1.7678,8.8896,0.93278,0.28819,5.3634,13.89,1.185,0.73439,1.9073,8.0909,7.73,0.011299,6.9736,6.5176,0.029739,3.7033,4.0785,0
138,13.856,-2.6327,1,0.42363,0.32444,0.94533,0.5,0.29366,-6.8485,80.113,-14.555,1.7353,8.6446,0.93469,0.32411,6.9802,12.668,1.2562,0.68511,2.2252,8.6338,7.3381,0.018721,7.2089,5.8822,0.033999,3.951,4.1795,0
139,9.8218,-2.4654,1,0.61376,0.34001,1.1692,0.5,0.27004,-7.9505,71.449,-10.583,1.6955,9.2548,0.9535,0.30056,2.9094,10.904,1.2395,1.2747,1.914,9.1992,6.9414,0.015913,7.8855,5.7022,0.043085,3.3541,2.8687,0
140,13.741,-2.4383,1,0.44023,0.32783,0.96649,0.5,0.29931,-9.2011,46.835,-14.017,1.9392,8.7417,0.93803,0.31756,4.894,8.8207,1.1427,0.81889,2.0538,8.3231,7.4029,0.015903,7.0738,6.0466,0.031647,3.7391,3.8687,0
141,12.5,-2.5976,1,0.43605,0.26661,0.9504,0.5,0.27562,-9.1897,78.171,-15.702,1.6433,8.8679,0.93252,0.30314,4.8633,13.512,1.2164,0.7927,2.1527,8.3374,7.6327,0.016946,6.791,5.9587,0.046091,3.8413,4.0418,0
142,15.225,-2.5251,1,0.40508,0.30247,0.91326,0.5,0.27283,-8.819,81.984,-14.575,1.7126,8.8764,0.91446,0.34114,5.3578,13.54,1.2259,0.65719,1.9448,7.8088,7.243,0.013224,6.468,5.8291,0.034399,3.2378,3.5454,0
143,14.842,-2.4936,1,0.43264,0.31789,0.91515,0.5,0.26165,-9.2452,78.089,-14.095,1.7362,8.6029,0.91756,0.34238,5.5615,14.047,1.1521,0.6444,2.0125,8.4977,7.7552,0.012432,7.1306,6.4416,0.036544,3.4952,3.8192,0
144,14.217,-2.4024,1,0.44131,0.33978,1.1054,0.5,0.26781,-7.5262,79.09,-11.929,1.7658,8.5841,0.95172,0.29248,6.5386,12.039,1.2571,1.117,1.9487,8.336,6.4744,0.015148,6.9305,5.3308,0.022364,3.5991,3.256,0
145,14.466,-2.4706,1,0.48607,0.3558,1.0559,0.5,0.27396,-8.0722,61.989,-12.251,1.6666,8.5936,0.94293,0.29326,5.3226,12.578,1.2083,1.0729,2.069,8.2491,6.7899,0.011688,7.1422,5.8824,0.027532,4.0204,3.8076,0
146,14.854,-2.4409,1,0.4425,0.30009,0.89707,0.5,0.26816,-9.1207,77.66,-14.711,1.7323,8.7645,0.92836,0.31844,4.5295,15.281,1.1306,0.69012,1.862,7.8989,7.6538,0.010648,6.9835,6.5439,0.037118,3.4273,3.8206,0
147,13.412,-2.7054,1,0.41336,0.24354,1.0226,0.5,0.29296,-8.7417,53.472,-16.247,1.7946,9.0546,0.93709,0.25058,5.993,11.854,1.3265,0.81111,2.0452,8.1551,6.8342,0.020315,6.7351,5.5726,0.034504,3.5531,3.4746,0
148,13.148,-2.4723,1,0.4023,0.32434,0.95077,0.5,0.29532,-8.4555,78.993,-16.37,1.6924,8.3285,0.9317,0.32733,7.3442,13.803,1.218,0.79906,1.8128,8.3008,7.224,0.020265,7.2129,6.0557,0.044244,3.4848,3.6652,0
149,14.659,-2.5512,1,0.41301,0.31788,0.92074,0.5,0.26791,-8.9166,80.729,-14.202,1.7447,8.7609,0.92234,0.30772,4.6651,13.16,1.2389,0.74702,1.8542,7.831,7.3238,0.011961,6.6182,6.0558,0.024668,3.5168,3.8195,0
150,14.569,-2.4782,1,0.43819,0.33264,0.91812,0.5,0.2775,-9.19,70.415,-13.072,1.8189,8.64,0.94445,0.30253,6.4741,12.192,1.1966,0.6651,1.9671,8.3847,7.6019,0.011293,6.9276,6.3465,0.026089,3.7276,4.0601,0
151,14.814,-2.5491,1,0.43361,0.32502,0.92187,0.5,0.26813,-9.1364,71.611,-14.103,1.7317,8.8302,0.92842,0.31869,6.2205,12.943,1.1788,0.65346,2.1444,8.5556,7.7097,0.014764,7.0037,5.9647,0.03022,3.5915,3.8959,0
152,14.719,-2.4977,1,0.33949,0.30579,0.92213,0.5,0.2627,-9.3121,83.239,-15.525,1.5789,9.9645,0.93838,0.27562,7.6712,20.802,1.1452,0.67386,1.8957,8.1559,7.5855,0.018827,6.8301,6.3117,0.031339,3.4538,3.7455,0
153,15.522,-2.3992,1,0.43583,0.32156,0.99073,0.5,0.27545,-8.7994,67.777,-14.444,1.6964,8.3499,0.94088,0.3145,7.3354,11.017,1.1483,0.76973,2.2241,7.8341,6.8906,0.013772,6.6681,5.6244,0.027866,3.8373,3.8732,0
154,14.578,-2.5208,1,0.42156,0.29463,0.89416,0.5,0.29041,-9.1527,76.649,-14.73,1.7564,8.935,0.93621,0.31679,5.6937,15.544,1.3144,0.61841,1.9482,7.5245,7.1561,0.014288,6.1574,5.5957,0.048215,3.397,3.7991,0
155,12.93,-2.2981,1,0.41624,0.33607,0.98517,0.5,0.27087,-7.6026,81.683,-16.064,1.6997,9.0016,0.93707,0.34495,6.0778,12.569,1.2678,0.87055,2.0349,8.1733,7.1455,0.018942,7.3565,6.2678,0.033829,3.7644,3.8211,0
156,13.743,-2.4818,1,0.43267,0.35115,1.1187,0.5,0.30421,-9.922,54.68,-7.4077,2.0177,8.4306,0.9513,0.3549,4.1543,7.1694,1.1102,1.3302,1.9692,8.1979,6.2118,0.016968,7.025,5.2128,0.026729,4.149,3.7088,0
157,14.675,-2.4812,1,0.41445,0.33209,0.83306,0.5,0.2926,-9.0916,72.298,-14.891,1.7281,9.1496,0.9338,0.31823,4.8763,13.184,1.1635,0.65469,1.6772,7.7798,8.2221,0.011952,6.7455,7.0079,0.035098,3.3927,4.0726,0
158,15.002,-2.4102,1,0.44292,0.31713,0.86794,0.5,0.26543,-8.8337,81.215,-14.064,1.7499,9.0813,0.92541,0.3654,4.0059,10.387,1.1881,0.72024,1.9724,7.7084,7.8384,0.010539,6.8245,6.4737,0.026149,3.9896,4.5966,0
159,14.381,-2.5188,1,0.39748,0.30019,0.91302,0.5,0.29237,-8.2748,73.525,-17.082,1.6945,8.3119,0.93099,0.28648,5.5471,14.484,1.2654,0.65989,2.3522,8.097,7.6006,0.014621,7.2339,6.5695,0.049268,3.8973,4.2686,0
160,11.809,-2.265,1,0.44568,0.29708,0.94716,0.5,0.28647,-9.0421,80.019,-16.534,1.7226,8.714,0.9316,0.29675,6.7638,15.678,1.2029,0.75155,2.0495,7.8144,7.2286,0.016848,6.5403,5.7424,0.042904,3.5628,3.7616,0
161,14.409,-2.5019,1,0.43695,0.27728,0.90036,0.5,0.27142,-8.8769,81.023,-15.427,1.7353,8.7708,0.93868,0.30735,4.6255,17.227,1.1425,0.63833,2.0505,8.0372,7.8197,0.011745,7.1504,6.5953,0.039534,3.846,4.2716,0
162,15.45,-2.5292,1,0.39889,0.29371,0.92749,0.5,0.2617,-9.4871,76.564,-14.382,1.7419,8.9351,0.94122,0.30522,4.1998,12.445,1.1368,0.77306,1.8746,8.1167,7.6151,0.014288,7.142,6.3853,0.031601,3.5335,3.8098,0
163,14.73,-2.4531,1,0.43608,0.3108,0.93882,0.5,0.27227,-9.0783,73.405,-14.589,1.6771,8.9737,0.92202,0.30441,6.7082,11.997,1.2174,0.68403,1.9378,8.1543,7.4521,0.014986,7.1784,6.4209,0.031801,3.5184,3.7477,0
164,14.431,-2.4241,1,0.4531,0.35635,0.92831,0.5,0.28576,-9.1314,66.668,-12.725,1.6982,8.9007,0.91956,0.36475,3.6201,12.511,1.194,0.76317,1.9679,8.1284,7.4856,0.011018,6.791,6.0627,0.026345,3.7006,3.9864,0
165,15.393,-2.3068,1,0.39127,0.25739,1.0228,0.5,0.33189,-9.1179,69.177,-8.1758,1.8409,8.9956,0.93321,0.34648,6.1194,9.7287,1.1332,1.0501,1.7552,8.1067,6.7405,0.013508,6.4051,5.3614,0.022282,3.5722,3.4926,0
166,14.468,-2.4588,1,0.34326,0.40729,1.1829,0.5,0.29444,-8.3212,43.504,-8.6205,2.1074,8.1287,0.92226,0.35924,3.0207,6.1945,1.1333,1.4571,1.9833,8.7627,6.1214,0.019555,7.414,5.1169,0.02269,3.919,3.313,0
167,14.799,-2.5021,1,0.42602,0.3248,0.90194,0.5,0.26498,-9.1476,78.693,-14.322,1.7045,8.6708,0.92422,0.32333,6.662,16.351,1.131,0.5632,2.2042,7.8606,7.3939,0.012238,6.675,6.189,0.03073,3.5963,3.9873,0
168,16.944,-2.5901,1,0.41924,0.23594,0.70026,0.5,0.27289,-9.134,85.349,-18.165,1.4852,9.0836,0.9074,0.31533,9.2229,13.913,1.2268,0.36311,2.1843,7.7397,9.1999,0.012949,6.2661,7.2736,0.04336,3.5894,5.1258,0
169,15.541,-2.4553,1,0.37061,0.31559,1.0318,0.5,0.27261,-9.0113,72.758,-15.074,1.5695,8.6783,0.93354,0.31339,7.0603,11.994,1.1375,0.89982,2.0498,7.8907,6.5834,0.016409,6.6253,5.5974,0.02848,3.6857,3.5721,0
170,13.819,-2.3489,1,0.478,0.32146,0.95645,0.5,0.28268,-9.7604,76.116,-10.871,1.8207,8.9057,0.91775,0.36618,4.2415,12.351,1.1304,0.89085,1.8862,7.6807,6.9816,0.0093144,6.7197,5.77,0.031348,3.9538,4.1339,0
171,13.128,-2.5684,1,0.4834,0.36997,0.95334,0.5,0.29649,-8.7289,29.523,-16.745,1.6564,8.9467,0.91828,0.27511,5.6164,12.375,1.3631,0.90605,1.6099,8.2682,7.1174,0.016052,7.1338,5.9156,0.036311,3.3499,3.5139,0
172,14.06,-2.4724,1,0.44762,0.27224,0.90057,0.5,0.27108,-8.814,81.829,-16.078,1.7179,8.2658,0.93439,0.30411,5.7635,14.276,1.1936,0.65933,1.9448,7.953,7.6095,0.013056,6.4382,6.0402,0.029301,3.4229,3.8008,0
173,14.31,-2.3499,1,0.44466,0.30897,0.93088,0.5,0.28344,-8.4909,84.334,-15.628,1.7575,8.5554,0.91403,0.31855,6.4369,13.288,1.2902,0.76759,1.8862,7.8071,7.2842,0.013674,6.8601,6.0423,0.027254,3.5959,3.8629,0
174,14.369,-2.4866,1,0.41223,0.29904,0.97255,0.5,0.27078,-9.4656,84.59,-14.756,1.5534,9.2451,0.91921,0.36471,3.0966,17.186,1.1731,0.8595,2.0371,7.8048,6.9931,0.011551,6.7845,5.5887,0.031549,3.7012,3.8056,0
175,14.897,-2.5645,1,0.44464,0.25934,0.9517,0.5,0.29007,-8.5149,73.928,-15.868,1.6529,8.5837,0.92621,0.30751,4.1105,17.758,1.2029,0.67043,2.0657,8.2541,7.5203,0.012901,7.1296,5.9303,0.041079,3.3459,3.5157,0
176,14.598,-2.5086,1,0.39444,0.29184,0.79767,0.5,0.28855,-9.0949,73.068,-18.304,1.6216,8.7578,0.92202,0.29756,5.7693,19.183,1.2094,0.54191,1.7397,7.2166,7.9776,0.012868,6.7566,6.9164,0.046312,3.2615,4.0888,0
177,14.756,-2.4838,1,0.39525,0.31907,0.90803,0.5,0.26965,-9.4769,78.922,-13.904,1.7613,9.1668,0.91792,0.36819,5.2237,10.988,1.0717,0.7082,2.2379,8.2116,7.7517,0.013452,7.2364,6.2126,0.032429,4.2444,4.6742,0
178,14.968,-1.9716,1,0.447,0.31637,0.91803,0.5,0.27449,-8.6207,82.313,-15.963,1.7727,8.5587,0.92396,0.42424,6.2406,13.106,1.1654,0.78804,1.7692,8.0963,7.6973,0.012706,7.2076,6.3504,0.0317,3.6775,4.0059,0
179,14.761,-2.4241,1,0.41477,0.31419,0.97453,0.5,0.26842,-8.9885,80.399,-15.368,1.6954,8.5627,0.92111,0.33324,4.7054,15.275,1.1689,0.89479,1.9404,8.3421,7.2031,0.014321,6.841,5.6845,0.029462,3.9381,4.041,0
180,13.645,-2.5767,1,0.39884,0.26306,0.97827,0.5,0.30813,-8.0164,70.51,-14.497,1.6815,9.397,0.92645,0.30314,4.6691,12.039,1.2264,0.89177,1.8193,8.0081,6.9018,0.01419,6.5,5.5225,0.030628,3.4748,3.552,0
181,14.495,-2.5531,1,0.36961,0.31995,0.91147,0.5,0.29438,-9.2073,78.247,-15.263,1.6705,8.367,0.92563,0.32106,5.0763,15.41,1.15,0.71004,1.9098,7.7519,7.2083,0.014638,6.8914,6.1415,0.03245,3.7023,4.0619,0
182,15.279,-2.4702,1,0.42407,0.33052,0.88336,0.5,0.27449,-9.1919,78.689,-12.186,1.8071,9.1177,0.91687,0.32268,5.5203,11.738,1.1691,0.67581,2.0235,8.1717,7.6869,0.010554,6.8289,6.1817,0.026148,3.9823,4.5081,0
183,14.237,-2.6619,1,0.4597,0.30366,1.0456,0.5,0.24884,-8.6554,72.246,-13.662,1.7315,8.2596,0.93145,0.28153,4.9123,20.98,1.1434,1.0576,1.9629,8.5595,7.1223,0.015151,7.432,6.0006,0.026903,4.0286,3.8529,0
184,13.479,-2.5303,1,0.44351,0.247,1.0024,0.5,0.27825,-8.1426,83.764,-15.836,1.6732,8.7991,0.93985,0.29165,5.0999,18.338,1.2281,0.90869,2.1149,7.4762,6.596,0.013905,6.6032,5.6135,0.0379,3.9686,3.9591,0
185,14.922,-2.479,1,0.44235,0.31602,0.87726,0.5,0.25976,-9.1062,80.882,-14.073,1.7417,8.8777,0.92617,0.32542,4.8298,14.932,1.1843,0.65417,1.9425,8.4167,8.2025,0.013197,7.5973,6.9137,0.031056,3.6853,4.2009,0
186,13.263,-2.4616,1,0.43797,0.33034,0.88686,0.5,0.26871,-8.96,81.872,-14.197,1.7262,9.0572,0.93197,0.32946,7.0385,9.4492,1.1613,0.68331,1.7572,8.0548,7.8234,0.015824,6.8083,6.5141,0.033786,3.5033,3.9502,0
187,13.404,-2.5451,1,0.48603,0.27984,0.8818,0.5,0.26349,-8.868,80.139,-16.933,1.6077,8.4121,0.92146,0.32476,4.4227,16.037,1.2209,0.80441,1.7151,7.7898,7.7657,0.012659,6.9491,6.6172,0.038044,3.6201,4.1053,0
188,3.7818,-1.8591,1,0.4755,0.32358,0.94801,0.5,0.32898,-12.608,90.091,-12.719,1.7217,8.4306,0.93006,0.39458,9.3124,19.447,1.2311,0.81638,1.9239,8.404,7.3202,0.048975,7.5178,5.7261,0.5775,3.6723,3.8737,0
189,14.806,-2.5082,1,0.44907,0.29989,0.92089,0.5,0.26945,-8.5925,80.096,-14.181,1.7251,8.6529,0.9313,0.3205,5.9881,13.637,1.2156,0.72139,2.0657,7.9802,7.4433,0.011872,6.8375,6.1023,0.034466,3.7073,4.0258,0
190,13.59,-2.4067,1,0.48059,0.31227,1.0404,0.5,0.26048,-10.33,69.739,-10.395,1.7702,8.8806,0.93069,0.34368,3.9872,12.251,1.0907,1.1336,2.2474,8.9635,7.4057,0.013828,7.5452,5.8871,0.032666,4.5381,4.3619,0
191,15.347,-2.5451,1,0.44723,0.32621,0.94276,0.5,0.2621,-8.6681,76.44,-12.916,1.7383,8.9196,0.92838,0.33787,3.9351,12.205,1.0893,0.89298,1.8466,8.3705,7.8155,0.011372,7.289,6.3574,0.029555,3.6812,3.9047,0
192,15.383,-2.56,1,0.40659,0.33318,1.0049,0.5,0.27263,-8.2292,82.183,-11.405,1.8261,8.9372,0.91283,0.33782,4.2409,11.274,1.149,1.0687,1.6158,8.0357,7.004,0.01173,7.071,5.9782,0.024941,3.4863,3.4693,0
193,13.992,-2.4994,1,0.42589,0.28092,0.94189,0.5,0.27597,-8.3057,80.148,-15.603,1.637,9.4711,0.92383,0.29884,6.4765,13.697,1.1628,0.65717,2.1655,8.1714,7.4853,0.014327,6.8722,5.9719,0.028549,3.8113,4.0465,0
194,15.102,-2.4909,1,0.42765,0.30097,0.93232,0.5,0.27738,-7.7565,79.33,-15.374,1.7946,8.4452,0.93026,0.33818,6.3936,15.522,1.142,0.72203,2.0808,8.2128,7.5696,0.013793,7.446,6.4986,0.030443,3.6463,3.911,0
195,14.86,-2.6668,1,0.43173,0.2618,0.79959,0.5,0.2549,-9.2601,74.82,-17.261,1.663,8.4731,0.92799,0.2971,3.9549,14.494,1.1798,0.45487,2.0995,7.538,8.0548,0.013471,6.9402,6.9676,0.029109,3.3722,4.2174,0
196,14.467,-2.1252,1,0.38957,0.32452,0.82498,0.5,0.30485,-8.6383,76.462,-16.871,1.7255,8.8462,0.91205,0.37476,5.4539,21.117,1.1954,0.49328,2.1476,8.0777,8.3449,0.014079,6.9331,7.0265,0.034012,3.5168,4.2629,0
197,15.111,-2.3808,1,0.49438,0.30931,1.03,0.5,0.3019,-9.9231,47.79,-11.818,1.9133,8.6727,0.92023,0.33215,4.6108,9.1205,1.147,1.073,1.8674,8.5474,6.9571,0.013945,7.1306,5.8976,0.027462,4.0022,3.8856,0
198,14.34,-2.5818,1,0.42143,0.33137,0.92607,0.5,0.27396,-7.9897,79.694,-14.628,1.65,9.0876,0.90527,0.30894,5.2379,12.659,1.2304,0.72033,2.0664,7.9166,7.2318,0.011728,6.6402,5.9789,0.028366,3.7836,4.0857,0
199,15.015,-2.5236,1,0.42593,0.21222,0.79244,0.5,0.33413,-9.0222,88.271,-17.328,1.7861,8.6745,0.94516,0.30477,7.1651,12.542,1.2677,0.5373,2.0822,7.5655,8.0462,0.014782,6.5581,6.7167,0.043449,3.8602,4.8713,0
200,15.355,-2.555,1,0.35366,0.28095,0.83962,0.5,0.26725,-10.032,83.106,-17.707,1.4577,9.4048,0.92082,0.28765,6.0508,17.586,1.1387,0.61838,2.0827,8.2394,8.3049,0.016182,7.1607,7.041,0.044346,4.0386,4.81,0
