Column1,Column2,Column3,Column4,Column5,Column6,Column7,Column8,Column9,Column10,Column11,Column12,Column13,Column14,Column15,Column16,Column17,Column18,Column19,Column20,Column21,Column22,Column23,Column24,Column25
0.33056,38.371,31.116,14.566,-0.1728639342155981,0.05,-0.9038200000000001,1.1084,0.99322,1.0,14.087051747315575,1.9798451294920507,9.378203874059881,0.8798899717942268,0.92835,0.008758352046281843,1.7907,0.76318,-1.5719,0.0,0.0,0.28004,1.7493,15.173778060000002,0.09296000000000004
0.50554,52.787,26.168,14.131,-0.15577952547749652,0.05,-0.86671,1.126,0.94582,1.0,16.16785727722313,2.5468310904487574,9.174380455400557,0.8456313673056772,0.83769,0.008026274474349343,1.7903,0.7858499999999999,-1.5361000000000002,0.0,0.0,0.27627,1.6936,15.184986960000002,0.06981000000000004
0.46365,38.661,24.088,15.389,-0.15254133870278846,0.05,-0.9107100000000001,1.0979,0.88208,1.0,15.342295783366717,2.2380022161576307,8.357798449338663,0.7134617774953128,0.58153,0.004729616235852559,1.8728,0.81328,-1.2616,0.0,0.0,0.26398,1.7099,14.89476791,0.07489000000000001
0.36838,37.77,32.109,14.653,-0.1799782789241679,0.05,-0.9291,1.1059,0.82559,1.0,10.970009539855653,1.184135787372066,4.857994190432227,0.2676695805665307,0.65304,0.0068638205293567785,1.8747,0.82676,-1.6422,0.0,0.0,0.28308,1.6131,15.48511476,0.07065999999999995
0.52565,31.975,23.202,14.883,-0.13087577913492415,0.05,-0.83309,1.1135,1.0292,1.0,24.177469562273984,5.998149514424428,9.983349083867587,0.9966240912003536,0.85297,0.006770968279560594,2.0844,0.76966,-1.4281000000000001,0.0,0.0,0.2716,1.7127,16.16891562,0.07982
0.54736,37.94,19.752,14.859,-0.1558736364209597,0.05,-0.87419,1.0572,0.92606,1.0,16.30108227417188,2.5629586250127643,8.763613611691722,0.7755404335419365,0.69177,0.0058303775431327014,2.1338,0.7905800000000001,-1.4407,0.0,0.0,0.26175,1.7713,15.549534180000002,0.07250000000000001
0.47273,33.016,31.504,13.899,-0.1810389959057655,0.05,-0.8136900000000001,1.0681,0.91169,1.0,15.43668523468787,2.2932789743590956,8.097087369252787,0.667964116170655,0.6239,0.004973170706758751,2.0355,0.8005599999999999,-1.6814,0.0,0.0,0.27153,1.6697,14.429547399999999,0.08816000000000002
0.47011,33.87,19.569,14.26,-0.141913499344692,0.05,-0.9038200000000001,1.0189,1.0648,1.0,21.715661686435354,4.95871363829231,12.514962758079095,1.5891780531759034,1.0629,0.009770156538392855,1.9262,0.68985,-1.4526000000000001,0.0,0.0,0.23852,1.6688,16.3200296,0.05781999999999998
0.47055,35.855,27.25,14.487,-0.16303351197778784,0.05,-0.88248,1.1382,0.87006,1.0,14.70501555007162,2.056697928607769,8.023996271610198,0.6625290208792811,0.67614,0.006487812631667314,1.9599,0.8273699999999999,-1.4249,0.0,0.0,0.28264,1.6966,14.08364626,0.08967000000000003
0.45694,33.063,16.796,11.536,-0.1931716656030632,0.05,-1.0969,1.0623,1.1121,1.0,25.983436923606988,7.514164197723127,16.13432978017037,2.7465704185586386,1.1872,0.011099461361556727,2.2782,0.25883,-1.199,0.0,0.0,0.31508,1.9634,15.646138259999999,0.06510000000000005
0.4711,37.73,18.621,15.019,-0.15725700730382672,0.05,-0.9270400000000001,1.1318,0.86013,1.0,14.262347978253871,1.9355988594015048,8.030826591576597,0.6650306793947027,0.65214,0.006230455881831933,1.9513,0.73961,-1.3798000000000001,0.0,0.0,0.26715,1.71,15.113664,0.055479999999999974
0.40467,51.23,23.058,13.997,-0.171540974861639,0.05,-0.93485,1.0526,0.95369,1.0,17.86645627188191,3.1074556729992926,9.405677280401292,0.8871814502664478,0.72088,0.005869732624605622,2.2388,0.64261,-1.4267,0.0,0.0,0.28949,1.7032,15.436271920000001,0.07299
0.40024,44.557,24.908,14.611,-0.1614566651719941,0.05,-0.9335300000000001,1.0515,0.88886,1.0,15.632734136557517,2.325438404240862,8.324339003854481,0.7072156203843275,0.68831,0.006378768424946217,1.9058,0.71206,-1.3905,0.0,0.0,0.26526,1.7635,15.830939500000001,0.07798000000000005
0.43133,31.237,28.281,14.921,-0.15677407198040325,0.05,-0.8764200000000001,1.0372,0.93967,1.0,16.69206677581134,2.701445384006717,9.215589922486712,0.8534667402212265,0.70079,0.005765294202617151,2.0179,0.8091200000000001,-1.431,0.0,0.0,0.25665,1.7067,14.29787925,0.07169000000000003
0.47014,24.635,26.896,13.858,-0.16799030825144703,0.05,-0.8652200000000001,1.0217,0.9269,1.0,15.659399318435915,2.3730786822337993,8.02687864106379,0.654743250665092,0.69835,0.005924402119165702,1.9919,0.8004800000000001,-1.4956,0.0,0.0,0.28002,1.7311,15.77395631,0.07852000000000003
0.41731,31.265,24.358,14.118,-0.16281254134144726,0.05,-0.8730600000000002,1.0935,0.98761,1.0,15.58222354997615,2.414750044034599,10.412717967537327,1.0837037888879975,0.90381,0.008415665954179776,1.7088,0.8111499999999999,-1.4059,0.0,0.0,0.28643,1.8283,15.388252610000002,0.061329999999999996
0.39036,31.346,17.021,14.069,-0.16084013537726458,0.05,-0.9245100000000002,1.1003,0.91939,1.0,16.46911658150362,2.6054024337382318,8.846134323675583,0.7903132391258798,0.70823,0.006209206256587793,1.9288,0.47045000000000003,-1.6604,0.0,0.0,0.29441,1.7742,16.44931788,0.05891999999999997
0.52936,21.089,15.263,11.641,-0.20121825804920498,0.05,-0.92798,1.1111,0.92638,1.0,15.693839425870186,2.3825873159640425,9.125573693444114,0.8383898251104438,0.82944,0.0082635945612651,1.8905,0.81486,-1.4206,0.0,0.0,0.2844,1.8393,15.807312060000001,0.09072000000000002
0.42027,33.427,30.786,14.87,-0.16315059861373662,0.05,-0.89742,1.2043,0.81814,1.0,11.258297319384182,1.2404652418106628,7.0057212814233,0.5236144873588072,0.64595,0.006867126263932295,1.6447,0.79715,-1.6889,0.0,0.0,0.27666,1.5981,13.231468950000002,0.07025000000000003
0.56448,30.259,19.963,15.723,-0.1342641870477785,0.05,-0.90987,1.0529,0.98975,1.0,20.25224076706807,4.071972295710548,8.904803397823098,0.7938985732888056,0.77713,0.006199544604993084,2.2057,0.73458,-1.4038000000000002,0.0,0.0,0.28878,1.7358,14.966761920000001,0.07325000000000004
0.4199,62.918,28.981,14.565,-0.15086411821394152,0.05,-0.8593299999999999,1.0583,0.90101,1.0,14.968484939189766,2.1528552703942196,8.41647777845351,0.7205632454269539,0.65265,0.00558078738993522,2.2595,0.78333,-1.4326,0.0,0.0,0.28267,1.8013,15.641228289999997,0.07191000000000003
0.47246,41.47,18.913,13.963,-0.1567733743233309,0.05,-0.87182,1.1936,0.9241,1.0,19.048625403869973,3.455298983276914,8.46972022078234,0.7264619416636542,0.83577,0.00843309843577335,1.7694,0.67578,-1.6642000000000001,0.0,0.0,0.28623,1.6637,14.747702279999999,0.06250999999999995
0.46829,35.946,19.724,16.142,-0.14302881810757204,0.05,-0.90115,1.0315,0.93106,1.0,15.858519060162063,2.436234849843158,9.46046983672072,0.8984336069169843,0.93436,0.010280191964644327,1.9453,0.7516800000000001,-1.3844,0.0,0.0,0.23174,1.8191,15.55476028,0.06344000000000005
0.46249,34.43,20.81,14.126,-0.1663691656749967,0.05,-0.9047100000000001,1.0981,0.88551,1.0,15.52887832932711,2.292960354748375,8.269830768798808,0.6989386494377392,0.69144,0.006491506664211933,1.7629,0.81175,-1.3537000000000001,0.0,0.0,0.26255,1.7557,15.661721850000001,0.07630999999999999
0.33056,38.371,31.116,14.566,-0.1728639342155981,0.05,-0.9038200000000001,1.1084,0.99322,1.0,14.087051747315575,1.9798451294920507,9.378203874059881,0.8798899717942268,0.92835,0.008758352046281843,1.7907,0.76318,-1.5719,0.0,0.0,0.28004,1.7493,15.173778060000002,0.09296000000000004
0.46422,34.684,23.367,14.882,-0.14844478025437605,0.05,-0.7896200000000001,1.1934,0.7033,1.0,8.705920006829551,0.7897439934343263,5.126583131228444,0.3204424470039345,0.36761,0.0036010090831605102,1.8255,0.6987800000000001,-1.8328,0.0,0.0,0.31904,1.789,14.5109368,0.07157000000000002
0.47905,41.815,19.212,14.768,-0.15039954337899544,0.05,-0.87851,1.0973,1.0228,1.0,20.662772123831814,4.340736988523936,10.298301907322198,1.0612612211009338,0.77101,0.005607186353636962,2.225,0.7669199999999999,-1.3145,0.0,0.0,0.26446,1.7349,15.585994620000001,0.07584999999999997
0.50554,52.787,26.168,14.131,-0.15577952547749652,0.05,-0.86671,1.126,0.94582,1.0,16.16785727722313,2.5468310904487574,9.174380455400557,0.8456313673056772,0.83769,0.008026274474349343,1.7903,0.7858499999999999,-1.5361000000000002,0.0,0.0,0.27627,1.6936,15.184986960000002,0.06981000000000004
0.39006,41.967,21.773,14.304,-0.16877286983795087,0.05,-0.8821500000000001,1.1666,0.77481,1.0,11.249923137791328,1.2324824452415153,6.044873866136692,0.4092643284304426,0.57843,0.006356680141516592,1.7306,0.77241,-1.6228000000000002,0.0,0.0,0.30151,1.7175,15.870558750000002,0.06732000000000005
0.36838,37.77,32.109,14.653,-0.1799782789241679,0.05,-0.9291,1.1059,0.82559,1.0,10.970009539855653,1.184135787372066,4.857994190432227,0.2676695805665307,0.65304,0.0068638205293567785,1.8747,0.82676,-1.6422,0.0,0.0,0.28308,1.6131,15.48511476,0.07065999999999995
0.46546,34.561,32.442,15.483,-0.1476672935751987,0.05,-0.9048500000000002,1.1417,0.9068,1.0,15.323285547448412,2.2564670325707894,7.096446189956172,0.5199538697923487,0.70414,0.006349159123900116,2.0517,0.79881,-1.6391,0.0,0.0,0.24766,1.6008,14.580246480000001,0.06303000000000003
0.54736,37.94,19.752,14.859,-0.1558736364209597,0.05,-0.87419,1.0572,0.92606,1.0,16.30108227417188,2.5629586250127643,8.763613611691722,0.7755404335419365,0.69177,0.0058303775431327014,2.1338,0.7905800000000001,-1.4407,0.0,0.0,0.26175,1.7713,15.549534180000002,0.07250000000000001
0.39023,43.927,25.421,14.519,-0.16476577099039885,0.05,-0.82814,1.1962,0.8932,1.0,16.082845541996903,2.4585906480554787,8.564843033304296,0.7458034421452979,0.64278,0.005538901615095465,1.7775,0.76586,-1.3934,0.0,0.0,0.2802,1.6979,15.629509079999998,0.07201000000000002
0.47011,33.87,19.569,14.26,-0.141913499344692,0.05,-0.9038200000000001,1.0189,1.0648,1.0,21.715661686435354,4.95871363829231,12.514962758079095,1.5891780531759034,1.0629,0.009770156538392855,1.9262,0.68985,-1.4526000000000001,0.0,0.0,0.23852,1.6688,16.3200296,0.05781999999999998
0.42332,36.968,23.152,14.428,-0.15611874513870883,0.05,-0.8502200000000001,1.0816,0.91962,1.0,16.053646132985598,2.480980543990214,9.016603298528276,0.8197842528591599,0.58998,0.004369931987325889,2.3186,0.74473,-1.4423000000000001,0.0,0.0,0.28311,1.7296,15.11255296,0.07672999999999996
0.45694,33.063,16.796,11.536,-0.1931716656030632,0.05,-1.0969,1.0623,1.1121,1.0,25.983436923606988,7.514164197723127,16.13432978017037,2.7465704185586386,1.1872,0.011099461361556727,2.2782,0.25883,-1.199,0.0,0.0,0.31508,1.9634,15.646138259999999,0.06510000000000005
0.46846,30.094,26.557,12.395,-0.18723404255319148,0.05,-0.9322100000000001,1.1113,0.90638,1.0,15.844255343110627,2.404538109598487,8.222573609257177,0.6886087114982298,0.7432,0.007045283703981036,1.7817,0.8096800000000001,-1.4284000000000001,0.0,0.0,0.26744,1.802,16.331886400000002,0.053159999999999985
0.40467,51.23,23.058,13.997,-0.171540974861639,0.05,-0.93485,1.0526,0.95369,1.0,17.86645627188191,3.1074556729992926,9.405677280401292,0.8871814502664478,0.72088,0.005869732624605622,2.2388,0.64261,-1.4267,0.0,0.0,0.28949,1.7032,15.436271920000001,0.07299
0.42083,61.79,36.609,14.756,-0.15555343995938054,0.05,-0.8688400000000001,1.0914,0.9729,1.0,18.62127165273441,3.409584189679608,9.667713560911944,0.9355031940770601,0.82003,0.0071960586754561415,1.7943,0.7730400000000001,-1.3316000000000001,0.0,0.0,0.26373,1.7138,15.30132054,0.07006999999999997
0.54736,37.153,21.166,15.1,-0.1499565217391304,0.05,-0.8881399999999999,1.1053,0.90728,1.0,15.54860846048879,2.320648777886091,8.681568014936733,0.7636414991525375,0.79341,0.007962215283650258,1.948,0.81572,-1.4084,0.0,0.0,0.25779,1.7403,15.072912329999998,0.06855
0.43133,31.237,28.281,14.921,-0.15677407198040325,0.05,-0.8764200000000001,1.0372,0.93967,1.0,16.69206677581134,2.701445384006717,9.215589922486712,0.8534667402212265,0.70079,0.005765294202617151,2.0179,0.8091200000000001,-1.431,0.0,0.0,0.25665,1.7067,14.29787925,0.07169000000000003
0.43702,38.218,21.484,14.826,-0.15851131050170605,0.05,-0.8961600000000001,1.0967,0.94445,1.0,14.377920389944524,2.0259659046858536,9.94339982721134,0.9890237983306397,0.69916,0.005666787388664682,1.9979,0.7835200000000001,-1.4778000000000002,0.0,0.0,0.26828,1.7385,14.43181005,0.06779000000000002
0.41731,31.265,24.358,14.118,-0.16281254134144726,0.05,-0.8730600000000002,1.0935,0.98761,1.0,15.58222354997615,2.414750044034599,10.412717967537327,1.0837037888879975,0.90381,0.008415665954179776,1.7088,0.8111499999999999,-1.4059,0.0,0.0,0.28643,1.8283,15.388252610000002,0.061329999999999996
0.39027,49.399,29.909,15.518,-0.14667635306937885,0.05,-0.9655,1.1334,0.87897,1.0,13.987553325658542,1.8786435502390466,7.803338425447686,0.6274775364876263,0.62825,0.005517305326481141,1.9685,0.7155800000000001,-1.6119,0.0,0.0,0.26833,1.6383,14.40508041,0.07369999999999999
0.42027,33.427,30.786,14.87,-0.16315059861373662,0.05,-0.89742,1.2043,0.81814,1.0,11.258297319384182,1.2404652418106628,7.0057212814233,0.5236144873588072,0.64595,0.006867126263932295,1.6447,0.79715,-1.6889,0.0,0.0,0.27666,1.5981,13.231468950000002,0.07025000000000003
0.40401,49.504,30.981,11.704,-0.19841782115869017,0.05,-0.8333900000000001,1.1015,0.80299,1.0,12.168048389295155,1.4244672906857117,7.032760247261467,0.5301141151030181,0.48345,0.0042452085222148255,1.8444,0.83943,-1.6436000000000002,0.0,0.0,0.29808,1.6416,14.534562239999998,0.08021999999999996
0.4199,62.918,28.981,14.565,-0.15086411821394152,0.05,-0.8593299999999999,1.0583,0.90101,1.0,14.968484939189766,2.1528552703942196,8.41647777845351,0.7205632454269539,0.65265,0.00558078738993522,2.2595,0.78333,-1.4326,0.0,0.0,0.28267,1.8013,15.641228289999997,0.07191000000000003
0.44447,42.282,22.665,12.624,-0.16400469759248384,0.05,-1.0181,1.1393,0.86976,1.0,13.930731410833463,1.8586459714551504,7.9792072233846465,0.6556744354716465,0.62189,0.0055530794996627155,1.6876,0.77824,-1.4937,0.0,0.0,0.28957,1.5751,14.12896202,0.06418999999999997
0.59218,32.097,20.752,14.571,-0.15077387451030763,0.05,-0.9443300000000001,1.0564,0.89656,1.0,15.91431180744734,2.4138083719821415,8.527860868854852,0.7393228209819959,0.64773,0.005568489789155693,2.109,0.81282,-1.3436000000000001,0.0,0.0,0.26376,1.7187,15.23232249,0.07394
0.33875,42.692,24.721,13.037,-0.17661181164066395,0.05,-0.7208700000000001,1.265,1.0878,1.0,21.86344759846497,5.119936668960144,11.77181472428377,1.4057461035975982,1.2819,0.013720751197951311,2.1847,0.59936,-1.7647,0.0,0.0,0.28356,1.6166,14.820988799999999,0.07708999999999999
0.49649,39.451,26.2,15.069,-0.13349928433629968,0.05,-0.8188900000000001,1.1415,0.92207,1.0,16.35863912024845,2.575354546737178,8.715422300256622,0.767768328783869,0.72684,0.0064804581777314265,2.0122,0.7543500000000001,-1.6455,0.0,0.0,0.29305,1.6239,14.565895829999999,0.07203999999999999
0.5384,30.508,21.337,13.134,-0.13809961794254988,0.05,-0.8629600000000001,1.0859,1.0081,1.0,18.959369669265286,3.613251258168,9.330888400413262,0.8701665140442869,0.84474,0.00699443398256795,1.9942,0.8432599999999999,-1.6377,0.0,0.0,0.29838,1.7085,15.5558925,0.06406999999999996
0.47924,36.989,20.586,14.792,-0.14763804457953394,0.05,-0.9088100000000001,1.1271,0.87987,1.0,14.100626035137617,1.907870009130466,7.4517853408033154,0.5752624647681159,0.70092,0.0067609348875417655,1.7309,0.7781600000000001,-1.77,0.0,0.0,0.29627,1.6805,14.515822900000002,0.07552999999999999
0.40665,33.897,27.58,13.808,-0.16938141545110752,0.05,-0.85045,1.1253,0.98069,1.0,17.4735334423032,3.0205157109720084,10.149599849117967,1.029848432137432,0.82916,0.007213695053770035,1.957,0.7015300000000001,-1.5502000000000002,0.0,0.0,0.28107,1.7386,15.158331819999999,0.06533999999999995
0.39177,43.287,25.897,14.954,-0.14312398144665914,0.05,-0.9261699999999999,1.0913,0.96377,1.0,15.25207333024264,2.290950807024933,11.01549188788637,1.209166172392014,0.77804,0.00664022584383325,1.8715,0.71316,-1.415,0.0,0.0,0.27609,1.6816,14.671959999999999,0.06164000000000003
0.41124,46.075,24.31,14.514,-0.1487043960293928,0.05,-0.86311,1.1505,0.86169,1.0,13.719255173713082,1.8016352965081386,7.59824614567007,0.5996878533083052,0.7376,0.007802495130554311,1.7985,0.82487,-1.6336,0.0,0.0,0.28972,1.5691,14.42301029,0.07394999999999996
0.38641,37.137,30.527,13.671,-0.17021334605684685,0.05,-0.8900100000000001,1.24,0.87747,1.0,14.214370240809533,1.9352698509420896,7.880726460248941,0.6394494877659302,0.68734,0.006558803182316743,1.9721,0.7984600000000001,-1.6120999999999999,0.0,0.0,0.28424,1.6652,13.682282319999999,0.07791000000000003
0.44075,43.603,19.946,14.822,-0.1599608140563772,0.05,-0.8864900000000001,1.1134,0.88798,1.0,14.944998369224482,2.1352302641568492,8.343596778580782,0.7104223532967332,0.74088,0.00734694156879569,1.875,0.80096,-1.3820000000000001,0.0,0.0,0.26366,1.7283,15.432682019999998,0.07006000000000001
0.4267,38.368,30.369,13.686,-0.16796268555086477,0.05,-0.94414,1.1355,0.92695,1.0,17.099416476041533,2.811533723577336,8.27320150777947,0.6940026810388576,0.66271,0.005354875333183599,2.2629,0.79661,-1.4787000000000001,0.0,0.0,0.26644,1.7533,15.30438037,0.06594999999999995
0.42392,32.791,22.269,15.081,-0.1531994278962751,0.05,-0.8822200000000001,1.1032,0.92286,1.0,16.814484233741954,2.7161757755472107,8.520959147744744,0.735087579555386,0.72637,0.006459011794920386,1.9306,0.79581,-1.393,0.0,0.0,0.26483,1.7594,15.01964592,0.08084000000000002
0.4232,41.033,23.992,14.656,-0.15031936637710783,0.05,-0.90978,0.99001,0.84085,1.0,9.646047278618429,0.9358140637113238,7.774065089728464,0.6290710341675904,0.53365,0.004540149496140774,1.9478,0.79364,-1.4464000000000001,0.0,0.0,0.30638,1.7811,15.016275989999999,0.07589000000000001
0.45673,39.432,27.695,11.948,-0.20708217485325917,0.05,-0.9737399999999999,1.0095,0.99692,1.0,19.264292618100818,3.703642792669203,9.66557641205226,0.9343315531206707,0.90984,0.008339431389650634,1.7421,0.62696,-1.4603000000000002,0.0,0.0,0.2918,1.7079,15.019443390000001,0.07287999999999994
0.44822,45.987,16.688,13.752,-0.16068329718004337,0.05,-1.1179000000000001,0.98178,1.051,1.0,21.544874045426138,4.8271240633696095,12.350219979704418,1.5417884780597453,1.1515,0.011875512076977589,1.9794,0.78044,-0.7192500000000001,0.0,0.0,0.26242,1.9048,16.839193920000003,0.05535000000000001
0.41186,38.915,25.78,12.259,-0.1934987555622596,0.05,-0.9282600000000001,1.0301,0.92892,1.0,16.98931317022604,2.7796540407065065,9.112345511854588,0.8358528813102586,0.78253,0.007339254394090612,1.7216,0.79239,-1.3489000000000002,0.0,0.0,0.26735,1.7669,16.04009489,0.061880000000000046
0.4259,35.574,26.225,14.953,-0.15422177646837587,0.05,-0.8976800000000001,1.118,0.91782,1.0,16.804791981943016,2.7060772260100237,8.704552851427415,0.7663807162533806,0.72674,0.006551337867773966,1.967,0.80032,-1.3328,0.0,0.0,0.26434,1.7349,15.413025090000001,0.07089999999999996
0.35932,50.724,22.145,15.195,-0.14481630132757023,0.05,-0.8917400000000001,1.0976,1.0903,1.0,20.223409112230645,4.358402996917837,13.53316624952839,1.8821932054576886,0.97454,0.007696405637371313,1.9295,0.57897,-1.5091,0.0,0.0,0.24633,1.7075,15.04392875,0.07691999999999999
0.44362,59.581,26.528,15.201,-0.1491883217085365,0.05,-0.8570600000000002,1.2551,0.81995,1.0,15.56487881439459,2.2371527913450313,5.934900870895062,0.3869223739536357,0.55682,0.0052151126934870526,1.9612,0.70607,-1.8257000000000003,0.0,0.0,0.32735,1.5908,15.57377292,0.07169000000000003
0.37893,42.382,37.252,12.739,-0.1833030060411966,0.05,-0.88873,1.1561,0.96542,1.0,17.598146488428792,3.037005724852947,9.255547984173745,0.8589464468563239,0.8137,0.0072211235552072746,1.8116,0.8346,-1.5446,0.0,0.0,0.26108,1.6923,14.67461022,0.07511999999999996
0.4217,40.756,30.245,14.129,-0.17909974221693437,0.05,-0.7973300000000001,1.0361,0.87199,1.0,14.581648185150755,2.0260228844771135,7.369909610091758,0.5647945424208535,0.65483,0.006078613320879181,2.2062,0.79746,-1.7489000000000001,0.0,0.0,0.25096,1.7336,14.61355456,0.06694999999999995
0.48806,34.241,28.156,14.807,-0.15061681533497817,0.05,-0.90977,1.1274,0.92566,1.0,16.296715647561765,2.561136085060416,8.348915966362487,0.7064577580377945,0.64956,0.0051702129308354924,1.8667,0.79767,-1.4985,0.0,0.0,0.27033,1.7403,14.49826527,0.09277000000000002
0.43836,43.227,33.789,14.468,-0.17022885958107062,0.05,-0.88585,1.0645,0.8458,1.0,9.774871386836494,0.9588418463794655,4.6629119078182475,0.24457241935395804,0.57942,0.00520874826357615,1.813,0.70414,-1.6325,0.0,0.0,0.37464,1.8119,14.320170460000002,0.07523000000000002
0.44753,42.759,27.71,13.897,-0.16649661005571592,0.05,-0.9460000000000002,1.1327,0.88881,1.0,15.418074008959776,2.2654432232345796,8.149015047761202,0.6793513789267291,0.69289,0.006460038766944622,2.0191,0.78661,-1.4184,0.0,0.0,0.26409,1.6986,14.99642982,0.04000999999999999
0.50056,29.011,23.274,13.491,-0.1712580222206887,0.05,-0.8907,1.0271,0.96529,1.0,18.182267905872006,3.2380512723828883,9.512655572365002,0.9064767934448578,0.82252,0.007378162223632036,2.0562,0.8154000000000001,-1.3570000000000002,0.0,0.0,0.27263,1.7987,15.257113010000001,0.07496000000000003
0.42,31.526,29.814,14.735,-0.15922465840483,0.05,-0.91113,1.0916,0.97629,1.0,13.456709726561884,1.7981280993982822,9.007184095244476,0.8133074909691543,0.85665,0.007778754574148262,1.9515,0.80026,-1.4255000000000002,0.0,0.0,0.28616,1.7648,14.28817376,0.07177999999999995
0.43663,43.366,23.31,15.144,-0.14189791873141724,0.05,-0.9514900000000002,1.1863,0.88722,1.0,13.624906693420929,1.7927384671807025,6.983147092203331,0.5077971825518349,0.6588,0.005898317562687034,1.9571,0.7919,-1.6280000000000001,0.0,0.0,0.29125,1.8315,15.170863950000001,0.07576000000000005
0.40637,29.849,24.327,13.803,-0.17751807066135242,0.05,-0.82257,1.1074,0.99513,1.0,14.402610237600657,2.070669598842436,9.312890322607574,0.8675999837101134,0.87402,0.007730321068738966,2.1593,0.69565,-1.7005,0.0,0.0,0.32054,1.791,14.015291399999999,0.09099000000000002
0.42131,48.089,20.815,14.445,-0.16440271932664294,0.05,-0.9268200000000001,1.0662,0.91213,1.0,16.574976910492563,2.627982900289761,9.085707671936458,0.8324852258371254,0.68997,0.00602132966865506,1.9705,0.65323,-1.3276000000000001,0.0,0.0,0.25988,1.7964,15.95257092,0.05879000000000001
0.38611,59.53,25.305,14.495,-0.16298806066473057,0.05,-0.8905400000000001,1.1479,0.9062,1.0,16.308038919289483,2.5402718482907436,8.84429195545632,0.7912780979761764,0.76176,0.0073879132026931325,1.8898,0.6894499999999999,-1.3898000000000001,0.0,0.0,0.27322,1.8427,15.69040623,0.07223999999999997
0.43339,40.045,23.857,13.891,-0.17658317104291182,0.05,-0.8441800000000002,1.1046,0.93844,1.0,15.80127791020735,2.427464740234779,7.756143454812498,0.6110617065201858,0.81302,0.007714301824244793,1.6387,0.8196899999999999,-1.5887000000000002,0.0,0.0,0.28844,1.6718,14.439670959999999,0.07816999999999996
0.46112,42.739,21.247,13.793,-0.15482998715608734,0.05,-0.9154,1.0829,1.0338,1.0,21.29333810738397,4.651383403975309,10.392049050868254,1.0813514727431417,0.95652,0.00845153451519059,1.9541,0.69348,-1.2801,0.0,0.0,0.30636,1.976,14.708356,0.07560999999999996
0.5242,28.584,23.417,13.963,-0.16117088819087083,0.05,-0.9483100000000001,1.0587,0.93683,1.0,15.942172307507938,2.4677438150121733,8.864161533197711,0.7917408486560804,0.75408,0.006694966160987458,2.249,0.7632,-1.42,0.0,0.0,0.26366,1.8198,16.45317576,0.06766000000000005
0.39728,46.073,30.943,14.066,-0.16656710473914774,0.05,-0.9099600000000001,1.0453,0.9364,1.0,15.681948607745182,2.389860828237377,9.377985939271673,0.8830656372578329,0.80844,0.007669537709826199,2.0996,0.7852500000000001,-1.3230000000000002,0.0,0.0,0.28241,1.69,14.910701000000001,0.07782
0.40388,37.276,25.383,14.81,-0.15366223908918406,0.05,-0.9077000000000001,1.1082,0.94756,1.0,16.78790429072779,2.7428000805089416,8.131321549048044,0.6683953514221339,0.69675,0.005582426298893038,2.1427,0.7969400000000001,-1.7096,0.0,0.0,0.28335,1.5936,13.89013632,0.07408000000000003
0.44168,36.142,21.649,14.135,-0.1670763131813677,0.05,-0.90678,1.0743,0.98824,1.0,13.79288628596282,1.895256378003977,10.066009005952518,1.0131669797872085,0.90584,0.008440497839418012,1.8701,0.6415500000000001,-1.5042,0.0,0.0,0.32486,1.8524,15.29211772,0.08401999999999998
0.39562,34.303,24.705,14.079,-0.16869818953511506,0.05,-0.9002000000000001,1.0512,1.0445,1.0,15.7426076078479,2.5288510672999354,11.755109899513364,1.3918052659826423,1.0404,0.00978737215702836,2.1324,0.68866,-1.3975,0.0,0.0,0.30956,1.7021,14.80078076,0.05328999999999995
0.42636,43.64,22.91,14.17,-0.16625576796308503,0.05,-0.9191100000000001,1.1346,0.91176,1.0,16.434283261792093,2.5850186971349967,8.621387853474294,0.7530763966946681,0.71362,0.006428417830397639,1.9168,0.79742,-1.3536000000000001,0.0,0.0,0.25825,1.7525,15.32648875,0.06506999999999996
0.39207,35.001,30.497,15.125,-0.16429767441860466,0.05,-0.90473,1.2173,0.9276,1.0,17.886617492754265,3.0674210686241223,7.0208806618039885,0.5057133646915428,0.88184,0.009271144876911969,1.6532,0.6730400000000001,-1.7071000000000003,0.0,0.0,0.25036,1.5863,13.88313897,0.08320000000000005
0.41149,37.698,27.262,14.707,-0.1601324250334246,0.05,-0.8715700000000001,1.1639,0.90929,1.0,16.253015799662005,2.5277498645460756,8.718990070326319,0.7697198360197581,0.77178,0.007514541769977731,1.7426,0.7914300000000001,-1.4355000000000002,0.0,0.0,0.2642,1.6751,14.440869590000002,0.07440000000000002
0.46507,41.626,17.037,11.971,-0.19515072083879423,0.05,-1.1003,1.0379,1.0047,1.0,21.66648223358754,4.711454654879502,8.899029927417892,0.7914933040803616,0.9776,0.009453141166847815,1.9822,0.64509,-1.1363,0.0,0.0,0.30111,1.987,14.0947845,0.07172
0.43789,64.544,18.623,14.582,-0.15917083814657937,0.05,-0.93326,1.079,0.89346,1.0,15.314062405294736,2.24110029363683,8.223321558323352,0.6904709468306156,0.72121,0.006883123816870298,2.0694,0.8022900000000001,-1.4016000000000002,0.0,0.0,0.26252,1.7307,15.058301489999998,0.07754000000000005
0.36624,54.091,26.76,13.275,-0.1745989492119089,0.05,-1.0151999999999999,1.1618,0.75698,1.0,11.845692607686834,1.3466175017315865,5.30804717156916,0.3286365771970764,0.45068,0.004313934040524495,1.7773,0.85777,-1.7132000000000003,0.0,0.0,0.27542,1.7248,15.021628159999999,0.07460999999999995
0.40229,52.322,32.791,14.677,-0.15780442686738536,0.05,-0.9577100000000001,1.0603,0.90653,1.0,16.216688764016666,2.513617540034307,8.30655230302203,0.7020585704938762,0.72098,0.006646551159855616,1.9118,0.7778499999999999,-1.3937,0.0,0.0,0.25993,1.7235,15.29106435,0.07999
0.42865,52.048,28.968,16.107,-0.13897235049979542,0.05,-0.9416800000000001,1.0127,1.0472,1.0,21.72116545502454,4.894035676014513,11.38357336534403,1.303807791790302,1.2346,0.013809329278411912,1.7318,0.7545000000000001,-0.98074,0.0,0.0,0.27917,1.917,16.257310200000003,0.061370000000000036
0.41446,34.595,28.691,12.707,-0.18932662143430362,0.05,-0.7110500000000001,1.2149,0.81326,1.0,11.508123116090232,1.2900811173359314,6.653075341307468,0.47763228237744726,0.62315,0.006520531191142546,1.6683,0.7324700000000001,-1.6455,0.0,0.0,0.31358,1.7108,14.44394224,0.08977000000000002
0.48957,40.111,23.018,14.902,-0.15356558923405864,0.05,-0.90824,1.0994,0.86663,1.0,14.485957455468661,1.9972336839439435,7.700708073742282,0.6140372611899141,0.6836,0.00668354010103105,1.8654,0.8059900000000001,-1.4536,0.0,0.0,0.26283,1.7896,15.449974720000002,0.07479000000000002
0.40896,37.268,30.467,14.444,-0.1613895363895364,0.05,-0.8314500000000001,1.0945,0.95087,1.0,18.1622360891509,3.2033592376037405,8.561347639923861,0.7385815753844052,0.74429,0.006293839656627508,1.8073,0.8007,-1.6021,0.0,0.0,0.26572,1.6649,14.49678377,0.06711
0.37568,40.56,31.594,14.647,-0.1621652712980124,0.05,-0.89957,1.1432,0.87925,1.0,15.93563401064306,2.4005048906243958,7.633124424453552,0.6019610286141568,0.59403,0.004962258625227093,2.3846,0.75064,-1.5804,0.0,0.0,0.26645,1.6885,14.298724549999998,0.06688000000000005
0.47369,42.717,37.651,14.607,-0.13291471775485358,0.05,-0.91015,1.0318,0.9807,1.0,17.553426432232197,3.0479484826391854,10.296138858314562,1.0595078195351033,0.78736,0.006511042794021182,2.2299,0.85331,-1.3119,0.0,0.0,0.28207,1.7308,15.080114239999999,0.07377999999999996
0.40265,48.412,24.036,14.739,-0.15536565220153759,0.05,-0.8914300000000002,1.1172,0.8748,1.0,13.995061916843008,1.8779049228383655,8.291917735733033,0.7038730958911001,0.50417,0.003694803612166499,2.0459,0.7853100000000001,-1.4542000000000002,0.0,0.0,0.277,1.7162,15.575716339999998,0.07264999999999999
0.43222,29.733,22.621,14.893,-0.155068269049267,0.05,-0.8918100000000001,1.1357,0.91827,1.0,16.2102794839459,2.5260086157576485,8.10631451379524,0.668495916875991,0.74548,0.006871124205033262,1.9929,0.82232,-1.4092000000000002,0.0,0.0,0.25391,1.7636,15.785807240000002,0.057559999999999945
0.35121,42.994,34.6,13.417,-0.18240965526808628,0.05,-0.67347,1.215,1.0075,1.0,20.608426927075758,4.270168589870386,8.275583215796258,0.6838812704496203,0.99522,0.009734700249797007,1.7684,0.8920600000000001,-1.5661,0.0,0.0,0.28885,1.6158,14.476921679999998,0.08489999999999998
0.4459,41.252,25.468,14.44,-0.15947538860103627,0.05,-0.8672700000000001,1.0987,0.9457,1.0,17.079542270334127,2.8335377033714204,8.810512831583027,0.7816076682763498,0.77897,0.006969985727428099,1.8167,0.8242700000000001,-1.3858000000000001,0.0,0.0,0.27177,1.7702,15.44729626,0.06662000000000001
0.41473,50.227,21.663,14.911,-0.15535792847715418,0.05,-0.90604,1.1155,0.908,1.0,16.117843246729972,2.4862318067024356,8.16469266576772,0.6791742596539803,0.73439,0.006857854200731793,1.9073,0.8049299999999999,-1.3257,0.0,0.0,0.26826,1.7678,15.71503488,0.06721999999999995
0.53099,33.639,21.986,15.049,-0.141136519409309,0.05,-0.9135,1.0852,0.93552,1.0,18.42149177594704,3.262431864033596,8.665424053177215,0.7578634333208816,0.76701,0.006942407183388482,1.677,0.7061700000000001,-1.3974000000000002,0.0,0.0,0.28316,1.6764,15.183490079999999,0.07128999999999996
0.36196,44.147,28.343,13.856,-0.17721459343026386,0.05,-0.68485,1.0793,0.94533,1.0,16.90253224674982,2.776140378350057,9.266429831370441,0.862251144994768,0.68511,0.0054346251876533705,2.2252,0.80113,-1.4555,0.0,0.0,0.29366,1.7353,15.00097438,0.06530999999999998
0.39136,39.176,24.519,14.256,-0.16516124803356055,0.05,-0.8685800000000001,1.0851,0.95701,1.0,17.048530583136802,2.840623554386212,9.24667800463022,0.8578942210547946,0.68907,0.005326841123382038,2.0155,0.77345,-1.4786000000000001,0.0,0.0,0.27125,1.7368,14.857108239999999,0.07647000000000004
0.44924,27.583,21.855,9.8218,-0.22781792308118795,0.05,-0.79505,1.1503,1.1692,1.0,40.53653564934555,20.82288544859376,15.468367955105686,2.575983026803309,1.2747,0.011467031428664374,1.914,0.71449,-1.0583,0.0,0.0,0.27004,1.6955,15.6915134,0.046499999999999986
0.49437,32.056,29.693,13.863,-0.15998116127295972,0.05,-0.83779,1.0933,0.84211,1.0,11.526732686261562,1.2991809623465835,7.337494674149161,0.5653589296168771,0.64892,0.006485231102242424,1.5628,0.81791,-1.6364,0.0,0.0,0.29199,1.6257,13.99207476,0.07594000000000001
0.45755,41.382,19.512,13.741,-0.1654094023471949,0.05,-0.9201100000000001,1.0794,0.96649,1.0,18.421853813614856,3.324875159786006,9.784443427895969,0.9580526743540307,0.81889,0.0072923742121442,2.0538,0.46835000000000004,-1.4017,0.0,0.0,0.29931,1.9392,16.95190464,0.06196999999999997
0.47829,27.799,21.544,14.122,-0.15814045761142706,0.05,-0.7931300000000001,1.0889,0.90155,1.0,15.25640446248591,2.2327675878905135,7.722403785597978,0.6117243637703562,0.73283,0.006946194034205704,2.0689,0.82533,-1.6639,0.0,0.0,0.25554,1.6272,15.011245439999998,0.06830000000000003
0.38886,38.993,33.759,12.5,-0.19241481481481482,0.05,-0.9189700000000001,1.1277,0.9504,1.0,17.597801511687436,3.011217269483071,7.695434567988052,0.5999418189222874,0.7927,0.007125607837980963,2.1527,0.7817100000000001,-1.5702,0.0,0.0,0.27562,1.6433,14.572620070000001,0.06747999999999998
0.45796,32.477,18.437,14.72,-0.1480025445292621,0.05,-0.89161,1.1194,0.89396,1.0,16.052453419829423,2.450683488631976,8.347380443040873,0.7102630647828178,0.6775,0.006106452412101551,2.0366,0.80445,-1.3959000000000001,0.0,0.0,0.26875,1.7025,15.30632625,0.06196999999999997
0.48951,44.906,26.635,14.913,-0.15531955005341544,0.05,-0.90252,1.0474,0.91221,1.0,16.40390970699187,2.57646656283522,8.621460942340972,0.7530383359455463,0.69941,0.0061785229885913655,2.0043,0.7862,-1.3862,0.0,0.0,0.25809,1.7363,15.367991300000002,0.07265999999999995
0.44059,48.446,32.803,15.225,-0.1556302003081664,0.05,-0.8819000000000001,1.1523,0.91326,1.0,15.036621598410882,2.1824008740762446,8.081616896701938,0.6653039766976869,0.65719,0.005469345770542457,1.9448,0.81984,-1.4575,0.0,0.0,0.27283,1.7126,15.20172264,0.08553999999999995
0.40663,40.78,29.272,13.522,-0.16949455997796445,0.05,-0.9480900000000001,1.0476,0.99098,1.0,19.6048918943634,3.8202499291546568,10.121013070404565,1.0242379212851107,0.65218,0.0043594264837568154,2.4374,0.85892,-1.1716,0.0,0.0,0.25933,1.7725,15.839414499999998,0.06183000000000005
0.38529,53.866,29.369,14.842,-0.15740436813533643,0.05,-0.9245200000000001,1.0357,0.91515,1.0,16.128130799976983,2.497782211320029,8.527066683407106,0.7370059049038249,0.6444,0.005240276665949916,2.0125,0.78089,-1.4095000000000002,0.0,0.0,0.26165,1.7362,14.936354979999999,0.08243999999999996
0.40887,48.288,29.366,13.835,-0.1728345129760701,0.05,-0.8982600000000001,1.0517,0.97283,1.0,17.21884215483571,2.9214311964605346,10.177096759335369,1.0352390982051234,0.71227,0.0054508339255371525,2.2844,0.78998,-1.2878,0.0,0.0,0.27027,1.7998,14.56272174,0.05886000000000002
0.38728,41.204,23.05,14.217,-0.1578760596701058,0.05,-0.7526200000000001,1.1426,1.1054,1.0,25.247190181395638,7.027799432940483,13.537344310674017,1.8920411523536274,1.117,0.009903099684541502,1.9487,0.7909,-1.1929,0.0,0.0,0.26781,1.7658,15.15780378,0.04827999999999999
0.41229,37.42,29.982,14.338,-0.1666579736601904,0.05,-0.867,1.1752,0.84067,1.0,12.478637309258694,1.5031835359066947,6.407573446845082,0.44074429125556697,0.58416,0.0053652766080670615,1.84,0.72411,-1.6359000000000004,0.0,0.0,0.30783,1.6622,15.304374059999999,0.09318000000000004
0.46806,28.777,21.302,14.466,-0.1597439544807966,0.05,-0.80722,1.0997,1.0559,1.0,24.875440605297616,6.51126169565457,12.789060809000981,1.658248393951132,1.0729,0.01016077307992636,2.069,0.6198899999999999,-1.2251,0.0,0.0,0.27396,1.6666,14.322093760000001,0.057069999999999954
0.50736,31.278,25.171,15.77,-0.13688133571854502,0.05,-0.93287,1.0264,1.006,1.0,20.18722053514457,4.092451244655075,9.702705185955367,0.9412544194322532,0.9176,0.00830008863634404,2.1274,0.77565,-1.242,0.0,0.0,0.27192,1.8663,16.27805523,0.07365999999999995
0.41767,32.257,25.029,14.854,-0.1539611454522518,0.05,-0.9120699999999999,1.0899,0.89707,1.0,15.837746934540471,2.3923920850234524,7.752583445298523,0.6169815481312834,0.69012,0.006271316464784669,1.862,0.7766,-1.4711,0.0,0.0,0.26816,1.7323,15.182743349999999,0.07164000000000004
0.3787,52.339,25.824,14.785,-0.158688628444726,0.05,-0.9098200000000001,1.0986,0.87151,1.0,15.071737308348606,2.154936253494589,8.062679856247113,0.6683058938427273,0.75867,0.008016925056113717,1.7458,0.7431,-1.4273,0.0,0.0,0.26817,1.7016,15.254503680000001,0.08538000000000001
0.35586,35.617,23.261,13.412,-0.18771856786011656,0.05,-0.87417,1.2345,1.0226,1.0,19.626471000488213,3.911133750750625,8.168270543964015,0.6641625263674094,0.81111,0.006215909946954943,2.0452,0.53472,-1.6247,0.0,0.0,0.29296,1.7946,16.24938516,0.06291000000000002
0.39381,43.664,43.689,14.696,-0.15776630988786952,0.05,-0.86828,1.1213,0.84289,1.0,12.276301851439106,1.4592903570440694,7.140517198575185,0.5375759990235012,0.69174,0.007280183931392965,1.8906,0.84419,-1.54,0.0,0.0,0.29097,1.5485,14.624963099999999,0.08377999999999997
0.44043,48.188,27.036,13.148,-0.17474554707379136,0.05,-0.8455500000000001,1.1486,0.95077,1.0,16.249272221137254,2.5780330176110766,9.368959695050327,0.8805953241706485,0.79906,0.007230774178567505,1.8128,0.78993,-1.6370000000000002,0.0,0.0,0.29532,1.6924,14.0951534,0.06830000000000003
0.45884,34.572,19.1,14.527,-0.15632124686030785,0.05,-0.87373,1.1253,0.91365,1.0,16.69086588048614,2.665303591803655,8.588754188459836,0.7474213103363698,0.66127,0.005528635138345964,1.9446,0.68887,-1.4564000000000001,0.0,0.0,0.27408,1.7634,15.53784642,0.057089999999999974
0.51495,43.31,16.644,14.631,-0.153835327234342,0.05,-1.0550000000000002,1.0219,0.99181,1.0,18.50081871522775,3.4055997194501,10.95455929570491,1.1991279852336658,0.84286,0.00724951496226526,2.1125,0.80318,-1.0189000000000001,0.0,0.0,0.28163,1.7585,15.2764412,0.08392
0.42994,35.576,21.819,14.659,-0.16292228111629095,0.05,-0.8916600000000001,1.1484,0.92074,1.0,15.591338807990109,2.3468151284607934,8.626492921582182,0.7529295053188403,0.74702,0.00685431637354026,1.8542,0.8072900000000001,-1.4202000000000001,0.0,0.0,0.26791,1.7447,15.285142229999998,0.07765999999999995
0.50771,39.554,24.085,14.668,-0.13592672964003066,0.05,-0.9059300000000001,1.0701,0.9728,1.0,18.350102976206262,3.3121198551230666,8.797504741472268,0.7766626861506063,0.87311,0.008145933285689251,2.173,0.8194400000000001,-1.4060000000000001,0.0,0.0,0.29248,1.6087,14.875166290000001,0.06693000000000005
0.46785,33.3,19.991,14.569,-0.1591752842186396,0.05,-0.919,1.1508,0.91812,1.0,16.444613412706605,2.5963265755971143,8.977996715262897,0.8131909778787882,0.6651,0.005522756715019707,1.9671,0.70415,-1.3072,0.0,0.0,0.2775,1.8189,15.715296,0.05554999999999999
0.4625,32.018,21.737,14.709,-0.1738175568145649,0.05,-0.94205,1.0293,1.1027,1.0,27.89127969936175,8.643437393924218,9.487426713815937,0.8952617146908434,1.3414,0.014639183061404474,2.1175,0.72158,-1.06,0.0,0.0,0.26102,1.9064,16.8058692,0.08589000000000002
0.40891,56.299,32.064,14.814,-0.1611926141393702,0.05,-0.91364,1.0691,0.92187,1.0,16.410694435578485,2.590872544542773,8.841005151124737,0.7891927988665491,0.65346,0.0052845128188585755,2.1444,0.71611,-1.4103,0.0,0.0,0.26813,1.7317,15.29125734,0.07157999999999998
0.49346,31.847,28.409,12.795,-0.17567959405581735,0.05,-0.8703900000000001,1.1121,0.97899,1.0,18.456969816423552,3.3630147642296495,9.302340846840801,0.8666512619519164,0.94008,0.009287598522918501,2.1913,0.76091,-1.5275,0.0,0.0,0.27804,1.6973,15.655555740000002,0.06862999999999997
0.40045,47.649,32.308,14.719,-0.15889687639162797,0.05,-0.93121,1.102,0.92213,1.0,12.856088814210567,1.6207701170921585,8.322420207151815,0.7026020950638285,0.67386,0.005602200325972815,1.8957,0.8323900000000001,-1.5525000000000002,0.0,0.0,0.2627,1.5789,15.732949049999998,0.06162000000000001
0.37413,54.892,26.672,14.261,-0.16055304370617918,0.05,-0.83798,1.0382,1.0314,1.0,19.47142797743584,3.8715305993996645,12.07696605139961,1.4671994898870588,0.91125,0.007702074257643452,1.9963,0.69646,-1.3307000000000002,0.0,0.0,0.25663,1.7648,15.30099248,0.046030000000000015
0.47105,46.078,20.127,15.522,-0.1452124440140419,0.05,-0.87994,1.101,0.99073,1.0,19.260645517151886,3.687251644601592,10.093466690209286,1.0186928411692469,0.76973,0.006067369857687202,2.2241,0.67777,-1.4444000000000001,0.0,0.0,0.27545,1.6964,14.164770359999999,0.05911999999999995
0.37961,52.56,28.823,14.424,-0.16454227178423236,0.05,-0.89408,1.1552,0.89457,1.0,14.792538300613941,2.0997026808114065,6.967335417114652,0.5042883241534853,0.61641,0.005097102785067112,2.0768,0.78583,-1.7818000000000003,0.0,0.0,0.30511,1.701,14.3981145,0.07447999999999999
0.42701,43.946,26.277,14.578,-0.16181794838875338,0.05,-0.91527,1.2387,0.89416,1.0,14.989748434798745,2.1526955612863934,7.565609125366084,0.5895368564677765,0.61841,0.005134336189593704,1.9482,0.76649,-1.473,0.0,0.0,0.29041,1.7564,15.693434,0.06379000000000001
0.4658,33.378,23.911,14.637,-0.1577732301592377,0.05,-0.88575,1.064,0.90702,1.0,15.206794983416628,2.2240754550027364,8.472211111612856,0.7289343202373187,0.67732,0.005892513451548756,1.9257,0.77499,-1.3809,0.0,0.0,0.27394,1.8098,16.381042739999998,0.06843999999999995
0.39426,46.048,22.288,12.93,-0.1649748743718593,0.05,-0.76026,1.1872,0.98517,1.0,18.16608687364566,3.270980289305654,10.427660900315853,1.0866860397280091,0.87055,0.007857968776937292,2.0349,0.8168300000000001,-1.6064,0.0,0.0,0.27087,1.6997,15.30001952,0.06293000000000004
0.47268,37.867,23.398,13.99,-0.16923949299533023,0.05,-0.8799200000000001,1.0034,1.0025,1.0,14.850049726261815,2.207420825997092,12.646694559318613,1.6003279927780036,0.89693,0.007996482607015108,1.8382,0.79148,-1.2985,0.0,0.0,0.25391,1.7185,15.563595249999999,0.052749999999999964
0.42836,36.251,18.27,14.065,-0.1487022900763359,0.05,-0.92204,1.0934,1.0288,1.0,22.373278845947667,5.123084089337807,12.174927360383235,1.4907135162259129,0.99725,0.009306227100811923,2.1458,0.46398000000000006,-1.4029,0.0,0.0,0.27621,1.8548,17.57812508,0.06413000000000002
0.61806,29.802,13.085,13.743,-0.16833751610934,0.05,-0.9922000000000001,1.0281,1.1187,1.0,25.50526207841024,7.269868195485269,14.382667235859886,2.159804320953722,1.3302,0.013926527086750115,1.9692,0.5468000000000001,-0.74077,0.0,0.0,0.30421,2.0177,17.01042162,0.048699999999999966
0.45346,41.073,24.257,14.779,-0.1568603840547563,0.05,-0.94011,1.0978,0.91227,1.0,16.050936146593102,2.471565855834768,8.540678841038726,0.7395966833302705,0.6743,0.005760378644504675,2.028,0.7261700000000001,-1.4018000000000002,0.0,0.0,0.27342,1.743,15.3661137,0.08365
0.45216,30.403,19.666,14.675,-0.15829027113237637,0.05,-0.90916,1.1244,0.83306,1.0,12.843050203618306,1.5819592580268247,7.510069119283723,0.5916268422174177,0.65469,0.006756509842784624,1.6772,0.7229800000000001,-1.4891,0.0,0.0,0.2926,1.7281,15.811423759999998,0.06620000000000004
0.43694,33.841,20.462,15.11,-0.16861576660459343,0.05,-0.7735400000000001,1.131,0.98191,1.0,17.221788580078375,2.936877629372317,8.129641758043903,0.6633910757513781,0.98584,0.010134793693988998,1.8057,0.6734699999999999,-1.4619,0.0,0.0,0.31956,1.8337,16.11345538,0.06576000000000004
0.53056,30.114,20.448,15.002,-0.15061867266591675,0.05,-0.8833700000000001,1.1208,0.86794,1.0,14.846508348829651,2.092107252888538,7.711258148715987,0.6153989131169001,0.72024,0.007342366017776931,1.9724,0.81215,-1.4064,0.0,0.0,0.26543,1.7499,15.89136687,0.07459000000000005
0.45006,35.689,22.351,14.039,-0.15326816942615867,0.05,-0.93057,1.0314,0.97377,1.0,18.53144321287426,3.379023613798569,9.656130095814131,0.9332646824251227,0.84219,0.007568444914863641,2.1137,0.77641,-1.4906000000000001,0.0,0.0,0.26383,1.6719,15.130695000000001,0.07410000000000005
0.3798,32.974,23.744,14.381,-0.16376048371367272,0.05,-0.8274800000000001,1.1419,0.91302,1.0,14.74653876710012,2.102362150084635,8.016696313615316,0.655150899270269,0.65989,0.005516015260612773,2.3522,0.7352500000000001,-1.7082000000000002,0.0,0.0,0.29237,1.6945,14.084514549999998,0.06901000000000002
0.42938,41.666,25.286,14.455,-0.1576124231640246,0.05,-0.9151300000000001,1.0749,0.86971,1.0,14.114930441846445,1.9048283285111842,6.982392236913541,0.5108967862330134,0.67648,0.006500039617744344,1.951,0.69794,-1.6681000000000001,0.0,0.0,0.30297,1.7991,14.378047379999998,0.07764000000000004
0.42256,34.091,30.099,11.809,-0.1768287922554454,0.05,-0.90421,1.1245,0.94716,1.0,17.855723208186298,3.092081767329227,8.517342640669543,0.7316290945858263,0.75155,0.006476049265812553,2.0495,0.8001900000000001,-1.6534,0.0,0.0,0.28647,1.7226,15.0107364,0.06840000000000002
0.42943,46.805,25.143,15.441,-0.15078766498388171,0.05,-0.86745,1.0445,0.96549,1.0,17.90821379905423,3.143197767677485,10.018772363255334,1.0036930328472704,0.83447,0.007586536851778327,1.9907,0.67246,-1.3483,0.0,0.0,0.26957,1.813,16.406380900000002,0.06999
0.41408,38.874,29.9,14.409,-0.1623661496528003,0.05,-0.88769,1.0712,0.90036,1.0,15.755368982041963,2.372386115083447,7.212480257522601,0.5374149226267997,0.63833,0.005359889078376969,2.0505,0.81023,-1.5427,0.0,0.0,0.27142,1.7353,15.21996924,0.06132000000000004
0.43273,45.626,28.342,14.719,-0.15210255105286596,0.05,-0.9117000000000002,1.1472,0.86121,1.0,13.502052361826287,1.748643948199641,6.355087608079587,0.4300984178764607,0.6534,0.0062344701339885535,1.9061,0.8051200000000001,-1.5834000000000001,0.0,0.0,0.30271,1.8402,14.84930988,0.07076000000000005
0.43135,32.289,21.325,15.45,-0.15375075987841946,0.05,-0.94871,1.0841,0.92749,1.0,15.288878352531402,2.266638043559852,8.083243405849744,0.663547897358318,0.77306,0.007195186667656664,1.8746,0.76564,-1.4382000000000001,0.0,0.0,0.2617,1.7419,15.56405069,0.058780000000000054
0.48174,33.895,21.143,14.738,-0.15777735417460922,0.05,-0.8557100000000001,1.1307,0.90445,1.0,15.902930515744318,2.419374951884238,8.651090879916705,0.75884770774334,0.73692,0.006967206344865164,1.908,0.7867000000000001,-1.3455000000000001,0.0,0.0,0.26571,1.7978,16.14855872,0.06716
0.4211,40.687,22.636,14.73,-0.1559504132231405,0.05,-0.9078300000000001,1.155,0.93882,1.0,17.14613558993174,2.8445018209139197,8.757495907635258,0.7731879574215327,0.68403,0.005513411413740097,1.9378,0.73405,-1.4589,0.0,0.0,0.27227,1.6771,15.04979227,0.07798000000000005
0.39063,33.22,22.974,14.602,-0.1586527368286117,0.05,-0.87846,1.1303,0.90624,1.0,16.58792780281916,2.6240769248314577,8.505614081741147,0.7345174940795105,0.67137,0.005806412841688713,2.056,0.76568,-1.4394,0.0,0.0,0.27116,1.7312,15.10627808,0.08913000000000004
0.48245,35.655,23.389,14.54,-0.1541763191763192,0.05,-0.8875500000000001,1.0217,0.99381,1.0,19.665670701496566,3.8512301079544375,9.334117067731215,0.8716291250744148,0.93593,0.008889037534151706,2.0522,0.7613500000000001,-1.2845000000000002,0.0,0.0,0.28279,1.8248,15.94035792,0.05744000000000005
0.48983,46.081,25.146,14.431,-0.15709286501198888,0.05,-0.91314,1.1097,0.92831,1.0,17.39875897327587,2.909335382496658,9.82390649794769,0.9663213718671397,0.76317,0.007004021326442289,1.9679,0.66668,-1.2725,0.0,0.0,0.28576,1.6982,15.11516874,0.08043999999999996
0.41945,37.146,39.617,12.813,-0.17621805545500613,0.05,-0.9089200000000001,1.1576,0.93625,1.0,17.322815821692128,2.8975106923656746,9.656453222320089,0.9345513247453067,0.70933,0.005956005294906951,2.0257,0.76606,-1.7365,0.0,0.0,0.26541,1.6257,13.635233609999998,0.07440999999999998
0.48695,38.172,19.479,15.393,-0.14071859940218384,0.05,-0.9117900000000001,1.0562,1.0228,1.0,18.58599703186665,3.5035568152701377,8.636387097372802,0.7433829083369904,1.0501,0.010474791231071723,1.7552,0.6917700000000001,-0.8175800000000001,0.0,0.0,0.33189,1.8409,16.56000004,0.06679000000000002
0.40413,40.053,30.748,6.8269,-0.338052102364921,0.05,-1.0158,1.0825,0.78878,1.0,12.235113667572591,1.4345360061746617,6.69640130369984,0.4880549352864655,0.58262,0.0061879397421738605,1.7477,0.93729,-1.6498000000000002,0.0,0.0,0.28779,1.5801,14.463761370000002,0.09192999999999996
0.39566,30.417,15.216,14.468,-0.15896043444530644,0.05,-0.83212,1.008,1.1829,1.0,23.381160357165676,6.385541377287175,19.064652084215425,4.089890033970282,1.4571,0.01492728827595817,1.9833,0.43504,-0.86205,0.0,0.0,0.29444,2.1074,17.130422380000002,0.07774000000000003
0.37932,60.326,28.775,14.314,-0.16417004048582995,0.05,-0.8214000000000001,1.0558,1.0365,1.0,18.70227973195202,3.5786007450469737,11.565317766972017,1.3446844758948635,0.99328,0.009068521741192354,2.0997,0.68961,-1.268,0.0,0.0,0.27715,1.7107,15.34600542,0.055810000000000026
0.47441,30.404,27.866,14.799,-0.1583707829609469,0.05,-0.9147600000000001,0.99779,0.90194,1.0,15.41599732242029,2.277774647423507,8.476352220055567,0.730226880012582,0.5632,0.00420567116821676,2.2042,0.78693,-1.4322,0.0,0.0,0.26498,1.7045,14.7793786,0.07577999999999996
0.41234,28.381,18.99,15.269,-0.15192697768762678,0.05,-0.90449,1.1311,0.94351,1.0,17.888810038333258,3.096667515887774,8.759668881426819,0.773079666053552,0.74504,0.006427909518561408,1.8575,0.70918,-1.433,0.0,0.0,0.27244,1.6853,14.54481312,0.06105000000000005
0.4,41.696,25.931,16.944,-0.14434351315202854,0.05,-0.9134000000000001,1.187,0.70026,1.0,9.634230968771567,0.9386091505430378,4.048175766125909,0.21490118022735866,0.36311,0.003561972531740052,2.1843,0.8534900000000001,-1.8165,0.0,0.0,0.27289,1.4852,13.490962720000002,0.09260000000000002
0.40754,54.975,42.179,14.91,-0.15632935260842237,0.05,-0.85792,1.1083,0.87728,1.0,12.854077540716505,1.6021395066645496,7.3329191465386945,0.5585820970805374,0.6506,0.005919134609805079,2.0168,0.87136,-1.6456,0.0,0.0,0.28743,1.5806,13.77224198,0.08670999999999995
0.47331,35.847,23.31,15.541,-0.148437216613264,0.05,-0.9011300000000001,1.0791,1.0318,1.0,17.964947776875494,3.288082181438373,10.789255390147797,1.1668957967227513,0.89982,0.007499864777265874,2.0498,0.72758,-1.5074,0.0,0.0,0.27261,1.5695,13.620591849999999,0.06645999999999996
0.43105,43.275,16.591,13.394,-0.16471446436015005,0.05,-0.8513299999999999,1.0261,1.1228,1.0,24.88861239377236,6.9283569172024135,15.29647680288308,2.4651914358861005,1.0277,0.007987114339855788,2.1654,0.56165,-1.0763,0.0,0.0,0.27978,1.7702,17.04844216,0.06401000000000001
0.51306,44.16,29.722,13.819,-0.15850597206289221,0.05,-0.9760400000000001,1.0531,0.95645,1.0,19.555334474036023,3.7140341736193396,9.396093932485991,0.8852640790920915,0.89085,0.008817494125888486,1.8862,0.7611600000000001,-1.0871000000000002,0.0,0.0,0.28268,1.8207,16.214607989999998,0.08225000000000005
0.40709,49.502,20.618,14.121,-0.17762714106209906,0.05,-0.83448,1.0512,0.99574,1.0,19.228827475294395,3.6871938166892715,10.455766960183073,1.0930230837695136,0.6532,0.0043165845843525395,2.4803,0.5832200000000001,-1.3748,0.0,0.0,0.27291,1.7481,15.89057862,0.06838999999999995
0.37976,42.685,20.587,13.128,-0.18179501698754247,0.05,-0.8728899999999999,1.2323,0.95334,1.0,19.638272299847067,3.7370624568373016,10.744304527221459,1.1505403079061318,0.90605,0.009182556503647483,1.6099,0.29523,-1.6745,0.0,0.0,0.29649,1.6564,14.819313880000001,0.08172000000000001
0.60402,25.295,17.51,15.004,-0.13682829292676832,0.05,-0.9233800000000001,1.0024,0.98086,1.0,18.57200670352352,3.408565982827069,8.527054597658074,0.7293275073680152,0.7567,0.0060159589983334585,2.152,0.7038,-1.4420000000000002,0.0,0.0,0.2924,1.8518,16.093808619999997,0.07167999999999997
0.46182,32.847,23.819,14.06,-0.1641699867197875,0.05,-0.8814000000000001,1.0991,0.90057,1.0,16.147735971648416,2.486169527755241,7.084475080307067,0.5193967905060058,0.65933,0.005696685958590568,1.9448,0.81829,-1.6078000000000001,0.0,0.0,0.27108,1.7179,14.19981782,0.06560999999999995
0.40995,46.507,24.008,14.015,-0.1662937062937063,0.05,-0.91007,1.0519,0.88259,1.0,15.360614163528126,2.2435250833586973,8.22052078896398,0.6914970526579963,0.67682,0.006284352114404826,1.9855,0.8168500000000001,-1.3856000000000002,0.0,0.0,0.26095,1.7431,15.5885433,0.07698000000000005
0.45064,31.86,21.335,14.31,-0.15348791639451337,0.05,-0.84909,1.2369,0.93088,1.0,17.173745508833616,2.8411631652165563,8.563370042784854,0.7412164004465398,0.76759,0.0070358808887307535,1.8862,0.8433400000000001,-1.5628000000000002,0.0,0.0,0.28344,1.7575,15.036115500000001,0.08596999999999999
0.52967,33.069,26.348,14.624,-0.14692780337941627,0.05,-0.93264,1.1519,0.83652,1.0,12.901944830945924,1.5966894366606676,6.554783382678435,0.4603686377516477,0.52956,0.004533615604173386,1.8496,0.6901200000000001,-1.7017,0.0,0.0,0.33782,1.7426,14.183021399999998,0.06925999999999999
0.43161,55.988,35.094,14.369,-0.1617932201184202,0.05,-0.9465600000000001,1.0995,0.97255,1.0,17.487120242414388,3.0114383402026252,9.038355979636316,0.8191892211312375,0.8595,0.007902176262047663,2.0371,0.8459000000000001,-1.4756,0.0,0.0,0.27078,1.5534,14.36133834,0.08079000000000003
0.38538,35.099,30.92,14.337,-0.16711873247701636,0.05,-0.8542400000000001,1.0719,0.85178,1.0,13.208409515445508,1.6741277140551374,5.880881121086025,0.37416059568063453,0.63189,0.006012455629673214,1.9933,0.73126,-1.7378,0.0,0.0,0.31774,1.7456,14.40015264,0.06230000000000002
0.35303,54.455,25.495,14.325,-0.16255791190864602,0.05,-0.82822,1.1229,0.94547,1.0,18.259675074255483,3.2264643770892683,6.601010965322505,0.4457153082102412,0.70819,0.005794299131603019,2.015,0.7784800000000001,-1.5695000000000001,0.0,0.0,0.29609,1.7801,16.82354709,0.06689
0.39765,45.585,32.75,14.897,-0.16131974586399947,0.05,-0.8514900000000001,1.1314,0.9517,1.0,17.997065373381528,3.1483075190577967,7.50585617712821,0.571240045924646,0.67043,0.0051214626294169814,2.0657,0.7392799999999999,-1.5868000000000002,0.0,0.0,0.29007,1.6529,14.187997730000001,0.07379000000000002
0.44127,30.378,27.759,14.533,-0.1674563831841885,0.05,-0.89064,1.1438,0.89265,1.0,15.458032047160176,2.2803562642829176,8.242759472356957,0.693673107042746,0.74219,0.007282498456016743,1.9793,0.8059999999999999,-1.4522000000000002,0.0,0.0,0.25905,1.7272,14.46927256,0.09153999999999995
0.45557,42.664,31.653,14.598,-0.16082831132196435,0.05,-0.9094900000000001,1.1741,0.79767,1.0,11.286917430812169,1.243120206470509,6.131582808646619,0.4150740972915568,0.54191,0.0052968643024628274,1.7397,0.73068,-1.8304,0.0,0.0,0.28855,1.6216,14.20164848,0.07798000000000005
0.49524,32.461,16.819,14.255,-0.15328089151097998,0.05,-0.89534,1.1087,0.97368,1.0,18.01308986649977,3.194841738454106,10.288411624761581,1.0577222856012054,0.89625,0.00855914535148343,1.8522,0.56228,-1.3649,0.0,0.0,0.3071,1.8422,16.216886600000002,0.08047000000000004
0.48978,48.327,23.135,14.756,-0.15764153338410763,0.05,-0.9476900000000001,1.0183,0.90803,1.0,14.499995035434612,2.0318643270460846,8.432935227099417,0.7223792492331709,0.7082,0.00639827650843388,2.2379,0.78922,-1.3904,0.0,0.0,0.26965,1.7613,16.14548484,0.08208000000000004
0.57812,41.376,27.812,14.968,-0.12347194388777555,0.05,-0.86207,1.0917,0.91803,1.0,16.77184090565805,2.6962029868093946,8.537269409162585,0.7383593109749789,0.78804,0.007647975070004703,1.7692,0.82313,-1.5963,0.0,0.0,0.27449,1.7727,15.172007489999999,0.07604
0.43985,47.607,32.233,14.761,-0.15380369265909524,0.05,-0.89885,1.0783,0.97453,1.0,17.67347424507705,3.0785383857800546,9.53543773473978,0.9103480436573547,0.89479,0.00851416195007657,1.9404,0.80399,-1.5368000000000002,0.0,0.0,0.26842,1.6954,14.51720158,0.07889000000000002
0.32879,62.545,33.545,13.645,-0.17594400819392286,0.05,-0.8016400000000001,1.1199,0.97827,1.0,17.13838870454544,2.9030586457219627,8.04601149476457,0.6504486697923396,0.89177,0.008381402972194099,1.8193,0.7051000000000001,-1.4497,0.0,0.0,0.30813,1.6815,15.8010555,0.07355
0.45337,32.911,24.823,14.495,-0.16476928041303648,0.05,-0.92073,1.0437,0.91147,1.0,13.66479299101339,1.8163568462607786,8.516899768779481,0.7357584323536437,0.71004,0.006371791599526165,1.9098,0.78247,-1.5263,0.0,0.0,0.29438,1.6705,13.977073500000003,0.07437000000000005
0.42404,34.883,21.258,15.279,-0.15174150746360343,0.05,-0.9191900000000001,1.0556,0.88336,1.0,14.716789696227242,2.070391373973946,8.298723719375925,0.703832203479446,0.67581,0.006253720749673212,2.0235,0.78689,-1.2186000000000001,0.0,0.0,0.27449,1.8071,16.47659567,0.08313000000000004
0.35177,60.156,38.007,14.237,-0.17469974404410318,0.05,-0.8655400000000001,1.0346,1.0456,1.0,22.986662271897295,5.488265743226638,10.683620909820755,1.1448444973049443,1.0576,0.010096060445483035,1.9629,0.72246,-1.3662,0.0,0.0,0.24884,1.7315,14.301497400000002,0.06855
0.50219,39.722,30.686,13.479,-0.17475654396021825,0.05,-0.81426,1.17,1.0024,1.0,20.121815754302986,4.055674921805727,7.943544769435238,0.6306504784221202,0.90869,0.008209783325316742,2.1149,0.8376399999999999,-1.5836000000000001,0.0,0.0,0.27825,1.6732,14.72265412,0.06015000000000004
0.433,44.326,28.128,14.922,-0.1556965205376209,0.05,-0.91062,1.0877,0.87726,1.0,15.14179810637065,2.1789131607717365,7.83464426700865,0.6324797676216793,0.65417,0.005980581046775745,1.9425,0.8088200000000001,-1.4073000000000002,0.0,0.0,0.25976,1.7417,15.462290090000002,0.07382999999999995
0.4539,37.813,20.715,13.263,-0.17258641239570915,0.05,-0.8960000000000001,1.0513,0.88686,1.0,15.319406118599186,2.236276948370788,8.354790065195026,0.7123661852567276,0.68331,0.006325384030511305,1.7572,0.81872,-1.4197,0.0,0.0,0.26871,1.7262,15.634538639999999,0.06803000000000003
0.44887,36.897,32.955,13.404,-0.17669397389613997,0.05,-0.8868,1.1569,0.8818,1.0,16.80789636090332,2.656874518958248,7.003490340529861,0.5115792136954359,0.80441,0.00871620600018616,1.7151,0.8013899999999999,-1.6933,0.0,0.0,0.26349,1.6077,13.52413317,0.07854000000000005
0.45496,42.321,36.561,3.7818,-0.38878664937889496,0.05,-1.2608000000000001,1.1219,0.94801,1.0,19.08692143805147,3.5227053031396123,9.293514921437877,0.8669904683817515,0.81638,0.007591986544206552,1.9239,0.90091,-1.2719,0.0,0.0,0.32898,1.7217,14.51496402,0.06994
0.41097,35.3,29.412,14.806,-0.15868657471846134,0.05,-0.85925,1.1036,0.92089,1.0,16.958348018980836,2.758166981034822,8.140826774505266,0.6736030442079538,0.72139,0.006407231230739852,2.0657,0.80096,-1.4181,0.0,0.0,0.26945,1.7251,14.927117790000002,0.06869999999999998
0.41028,48.291,26.707,13.59,-0.1649554489376285,0.05,-1.0330000000000001,1.0247,1.0404,1.0,23.751551201527473,5.8420048447886295,10.86838656786333,1.1851988549166759,1.1336,0.011768465862754499,2.2474,0.6973900000000001,-1.0395,0.0,0.0,0.26048,1.7702,15.720438119999999,0.06930999999999998
0.44498,40.17,24.282,15.347,-0.15569217593442222,0.05,-0.8668100000000001,1.0441,0.94276,1.0,17.74121029791065,3.045893309199359,9.26732465764277,0.8625817926784154,0.89298,0.009156664111927077,1.8466,0.7644,-1.2916,0.0,0.0,0.2621,1.7383,15.50494068,0.07162000000000002
0.42132,41.032,32.469,15.383,-0.1562595373252762,0.05,-0.8229200000000001,1.0178,1.0049,1.0,18.55089014545643,3.4517910197907944,10.77095082494759,1.1605560797470433,1.0687,0.011296736849369833,1.6158,0.8218300000000001,-1.1405,0.0,0.0,0.27263,1.8261,16.32022092,0.08716999999999997
0.36418,41.471,25.381,13.992,-0.16671558164354322,0.05,-0.83057,1.0914,0.94189,1.0,16.86161384298525,2.7581200740998115,7.9662527043433915,0.6430522813543305,0.65717,0.005058947893209199,2.1655,0.80148,-1.5603,0.0,0.0,0.27597,1.637,15.5041907,0.07616999999999996
0.40966,38.894,36.083,15.102,-0.15469506893553595,0.05,-0.7756500000000001,1.0351,0.93232,1.0,16.570413945800905,2.6535191957745212,8.366658758620032,0.7085096819782442,0.72203,0.006228213141099488,2.0808,0.7933,-1.5374,0.0,0.0,0.27738,1.7946,15.155755919999999,0.06974000000000002
0.43123,36.801,29.304,14.86,-0.16814627994955864,0.05,-0.92601,1.0792,0.79959,1.0,12.407487749869297,1.474322619856575,5.5224444528382435,0.3435122012126963,0.45487,0.0038436815301102567,2.0995,0.7482,-1.7261,0.0,0.0,0.2549,1.663,14.090765300000001,0.07201000000000002
0.44698,34.772,33.937,14.467,-0.13740221115924225,0.05,-0.86383,1.0898,0.82498,1.0,11.85445342966426,1.364056387196023,7.216600035052599,0.5513912807337998,0.49328,0.004120233122720764,2.1476,0.7646200000000001,-1.6871,0.0,0.0,0.30485,1.7255,15.2641181,0.08794999999999997
0.51173,42.527,19.075,15.111,-0.1477748122400844,0.05,-0.99231,1.0528,1.03,1.0,23.867658552086915,5.847280487929977,10.535050916308766,1.1116098258739255,1.073,0.010767563350392244,1.8674,0.4779,-1.1818,0.0,0.0,0.3019,1.9133,16.59347691,0.07977000000000001
0.38133,38.538,24.659,14.34,-0.1683050847457627,0.05,-0.7989700000000001,1.0595,0.92607,1.0,16.101248653534384,2.502799080775524,9.09280177246004,0.8326239980055317,0.72033,0.006302686433273927,2.0664,0.7969400000000001,-1.4628,0.0,0.0,0.27396,1.65,14.994539999999999,0.09472999999999998
0.41965,54.681,22.133,15.015,-0.1575772713081486,0.05,-0.90222,1.2626,0.79244,1.0,12.045341955224703,1.3959293803079282,4.410531527051553,0.23055329002409825,0.5373,0.005296510940601823,2.0822,0.88271,-1.7328000000000001,0.0,0.0,0.33413,1.7861,15.49352445,0.05484
0.36348,57.96,32.028,15.355,-0.15622133904004892,0.05,-1.0032,1.0963,0.83962,1.0,11.122331772783141,1.2161378398195286,6.44082415895507,0.44516894129112516,0.61838,0.005975432202212976,2.0827,0.8310599999999999,-1.7707000000000002,0.0,0.0,0.26725,1.4577,13.70937696,0.07918000000000003
